Company,Year,Market Cap,Revenue,Total Assets
SAUDI ARAMCO,2023,$2.248 T,$535.54 B,$663.34 B
SAUDI ARAMCO,2022,$1.881 T,$604.17 B,$576.72 B
SAUDI ARAMCO,2021,$1.908 T,$400.74 B,$510.78 B
SAUDI ARAMCO,2020,$2.053 T,$229.97 B,$398.60 B
SAUDI ARAMCO,2019,$1.880 T,$331.19 B,$358.83 B
SAUDI ARAMCO,TotalEnergiesTTE,$152.22 B,$110.59 B,$294.01 B
SAUDI ARAMCO,2023,$2.248 T,$535.54 B,$663.34 B
SAUDI ARAMCO,2022,$1.881 T,$604.17 B,$576.72 B
SAUDI ARAMCO,2021,$1.908 T,$400.74 B,$510.78 B
SAUDI ARAMCO,2020,$2.053 T,$229.97 B,$398.60 B
SAUDI ARAMCO,2019,$1.880 T,$331.19 B,$358.83 B
SAUDI ARAMCO,TotalEnergiesTTE,$152.22 B,$110.59 B,$294.01 B
SAUDI ARAMCO,2023,$2.248 T,$535.54 B,$663.34 B
SAUDI ARAMCO,2022,$1.881 T,$604.17 B,$576.72 B
SAUDI ARAMCO,2021,$1.908 T,$400.74 B,$510.78 B
SAUDI ARAMCO,2020,$2.053 T,$229.97 B,$398.60 B
SAUDI ARAMCO,2019,$1.880 T,$331.19 B,$358.83 B
SAUDI ARAMCO,TotalEnergiesTTE,$152.22 B,$110.59 B,$294.01 B
SAUDI ARAMCO,2023,$2.248 T,$535.54 B,$663.34 B
SAUDI ARAMCO,2022,$1.881 T,$604.17 B,$576.72 B
SAUDI ARAMCO,2021,$1.908 T,$400.74 B,$510.78 B
SAUDI ARAMCO,2020,$2.053 T,$229.97 B,$398.60 B
SAUDI ARAMCO,2019,$1.880 T,$331.19 B,$358.83 B
SAUDI ARAMCO,TotalEnergiesTTE,$152.22 B,$110.59 B,$294.01 B
SAUDI ARAMCO,2023,$2.248 T,$535.54 B,$663.34 B
SAUDI ARAMCO,2022,$1.881 T,$604.17 B,$576.72 B
SAUDI ARAMCO,2021,$1.908 T,$400.74 B,$510.78 B
SAUDI ARAMCO,2020,$2.053 T,$229.97 B,$398.60 B
SAUDI ARAMCO,2019,$1.880 T,$331.19 B,$358.83 B
SAUDI ARAMCO,TotalEnergiesTTE,$152.22 B,$110.59 B,$294.01 B
TENCENT,2023,$404.24 B,$82.51 B,$228.81 B
TENCENT,2022,$405.09 B,$82.03 B,$253.03 B
TENCENT,2021,$562.84 B,$86.61 B,$204.44 B
TENCENT,2020,$699.78 B,$70.35 B,$136.56 B
TENCENT,2019,$460.66 B,$54.46 B,$105.20 B
TENCENT,2018,$381.65 B,$46.90 B,$85.25 B
TENCENT,2017,$493.31 B,$35.53 B,$57.01 B
TENCENT,2016,$230.00 B,$22.71 B,$47.33 B
TENCENT,2015,$184.98 B,$16.27 B,$27.64 B
TENCENT,2014,$135.89 B,$12.76 B,$17.71 B
TENCENT,2013,$118.75 B,$9.87 B,$12.07 B
TENCENT,2012,$59.53 B,$6.97 B,$9.03 B
TENCENT,2011,$7.21 B,$4.44 B,$5.41 B
TENCENT,2010,$7.79 B,$152.32 B,$2.56 B
TENCENT,2023,$404.24 B,$82.51 B,$228.81 B
TENCENT,2022,$405.09 B,$82.03 B,$253.03 B
TENCENT,2021,$562.84 B,$86.61 B,$204.44 B
TENCENT,2020,$699.78 B,$70.35 B,$136.56 B
TENCENT,2019,$460.66 B,$54.46 B,$105.20 B
TENCENT,2018,$381.65 B,$46.90 B,$85.25 B
TENCENT,2017,$493.31 B,$35.53 B,$57.01 B
TENCENT,2016,$230.00 B,$22.71 B,$47.33 B
TENCENT,2015,$184.98 B,$16.27 B,$27.64 B
TENCENT,2014,$135.89 B,$12.76 B,$17.71 B
TENCENT,2013,$118.75 B,$9.87 B,$12.07 B
TENCENT,2012,$59.53 B,$6.97 B,$9.03 B
TENCENT,2011,$7.21 B,$4.44 B,$5.41 B
TENCENT,2010,$7.79 B,$152.32 B,$2.56 B
TENCENT,2023,$404.24 B,$82.51 B,$228.81 B
TENCENT,2022,$405.09 B,$82.03 B,$253.03 B
TENCENT,2021,$562.84 B,$86.61 B,$204.44 B
TENCENT,2020,$699.78 B,$70.35 B,$136.56 B
TENCENT,2019,$460.66 B,$54.46 B,$105.20 B
TENCENT,2018,$381.65 B,$46.90 B,$85.25 B
TENCENT,2017,$493.31 B,$35.53 B,$57.01 B
TENCENT,2016,$230.00 B,$22.71 B,$47.33 B
TENCENT,2015,$184.98 B,$16.27 B,$27.64 B
TENCENT,2014,$135.89 B,$12.76 B,$17.71 B
TENCENT,2013,$118.75 B,$9.87 B,$12.07 B
TENCENT,2012,$59.53 B,$6.97 B,$9.03 B
TENCENT,2011,$7.21 B,$4.44 B,$5.41 B
TENCENT,2010,$7.79 B,$152.32 B,$2.56 B
TENCENT,2023,$404.24 B,$82.51 B,$228.81 B
TENCENT,2022,$405.09 B,$82.03 B,$253.03 B
TENCENT,2021,$562.84 B,$86.61 B,$204.44 B
TENCENT,2020,$699.78 B,$70.35 B,$136.56 B
TENCENT,2019,$460.66 B,$54.46 B,$105.20 B
TENCENT,2018,$381.65 B,$46.90 B,$85.25 B
TENCENT,2017,$493.31 B,$35.53 B,$57.01 B
TENCENT,2016,$230.00 B,$22.71 B,$47.33 B
TENCENT,2015,$184.98 B,$16.27 B,$27.64 B
TENCENT,2014,$135.89 B,$12.76 B,$17.71 B
TENCENT,2013,$118.75 B,$9.87 B,$12.07 B
TENCENT,2012,$59.53 B,$6.97 B,$9.03 B
TENCENT,2011,$7.21 B,$4.44 B,$5.41 B
TENCENT,2010,$7.79 B,$152.32 B,$2.56 B
TENCENT,2023,$404.24 B,$82.51 B,$228.81 B
TENCENT,2022,$405.09 B,$82.03 B,$253.03 B
TENCENT,2021,$562.84 B,$86.61 B,$204.44 B
TENCENT,2020,$699.78 B,$70.35 B,$136.56 B
TENCENT,2019,$460.66 B,$54.46 B,$105.20 B
TENCENT,2018,$381.65 B,$46.90 B,$85.25 B
TENCENT,2017,$493.31 B,$35.53 B,$57.01 B
TENCENT,2016,$230.00 B,$22.71 B,$47.33 B
TENCENT,2015,$184.98 B,$16.27 B,$27.64 B
TENCENT,2014,$135.89 B,$12.76 B,$17.71 B
TENCENT,2013,$118.75 B,$9.87 B,$12.07 B
TENCENT,2012,$59.53 B,$6.97 B,$9.03 B
TENCENT,2011,$7.21 B,$4.44 B,$5.41 B
TENCENT,2010,$7.79 B,$152.32 B,$2.56 B
TENCENT,2023,$404.24 B,$82.51 B,$228.81 B
TENCENT,2022,$405.09 B,$82.03 B,$253.03 B
TENCENT,2021,$562.84 B,$86.61 B,$204.44 B
TENCENT,2020,$699.78 B,$70.35 B,$136.56 B
TENCENT,2019,$460.66 B,$54.46 B,$105.20 B
TENCENT,2018,$381.65 B,$46.90 B,$85.25 B
TENCENT,2017,$493.31 B,$35.53 B,$57.01 B
TENCENT,2016,$230.00 B,$22.71 B,$47.33 B
TENCENT,2015,$184.98 B,$16.27 B,$27.64 B
TENCENT,2014,$135.89 B,$12.76 B,$17.71 B
TENCENT,2013,$118.75 B,$9.87 B,$12.07 B
TENCENT,2012,$59.53 B,$6.97 B,$9.03 B
TENCENT,2011,$7.21 B,$4.44 B,$5.41 B
TENCENT,2010,$7.79 B,$152.32 B,$2.56 B
China Construction Bank,2023,$131.64 B,$115.43 B,$5.017 T
China Construction Bank,2022,$157.96 B,$121.97 B,$4.747 T
China Construction Bank,2021,$175.35 B,$127.14 B,$4.313 T
China Construction Bank,2020,$192.21 B,$109.77 B,$3.641 T
China Construction Bank,2019,$217.99 B,$102.01 B,$3.376 T
China Construction Bank,2018,$207.22 B,$99.21 B,$3.400 T
China Construction Bank,2017,$232.75 B,$92.59 B,$3.019 T
China Construction Bank,2016,$192.56 B,$91.00 B,$2.831 T
China Construction Bank,2015,$173.49 B,$95.98 B,$2.704 T
China Construction Bank,2014,$208.20 B,$92.18 B,$2.538 T
China Construction Bank,2013,$188.16 B,$83.02 B,$2.241 T
China Construction Bank,2012,$200.20 B,$73.22 B,$1.954 T
China Construction Bank,2011,$175.07 B,$61.86 B,$1.634 T
China Construction Bank,2010,$222.62 B,$48.17 B,$1.408 T
China Construction Bank,2009,$201.33 B,$39.15 B,$1.108 T
China Construction Bank,2008,$128.46 B,$38.92 B,$904.59 B
China Construction Bank,2023,$131.64 B,$115.43 B,$5.017 T
China Construction Bank,2022,$157.96 B,$121.97 B,$4.747 T
China Construction Bank,2021,$175.35 B,$127.14 B,$4.313 T
China Construction Bank,2020,$192.21 B,$109.77 B,$3.641 T
China Construction Bank,2019,$217.99 B,$102.01 B,$3.376 T
China Construction Bank,2018,$207.22 B,$99.21 B,$3.400 T
China Construction Bank,2017,$232.75 B,$92.59 B,$3.019 T
China Construction Bank,2016,$192.56 B,$91.00 B,$2.831 T
China Construction Bank,2015,$173.49 B,$95.98 B,$2.704 T
China Construction Bank,2014,$208.20 B,$92.18 B,$2.538 T
China Construction Bank,2013,$188.16 B,$83.02 B,$2.241 T
China Construction Bank,2012,$200.20 B,$73.22 B,$1.954 T
China Construction Bank,2011,$175.07 B,$61.86 B,$1.634 T
China Construction Bank,2010,$222.62 B,$48.17 B,$1.408 T
China Construction Bank,2009,$201.33 B,$39.15 B,$1.108 T
China Construction Bank,2008,$128.46 B,$38.92 B,$904.59 B
China Construction Bank,2023,$131.64 B,$115.43 B,$5.017 T
China Construction Bank,2022,$157.96 B,$121.97 B,$4.747 T
China Construction Bank,2021,$175.35 B,$127.14 B,$4.313 T
China Construction Bank,2020,$192.21 B,$109.77 B,$3.641 T
China Construction Bank,2019,$217.99 B,$102.01 B,$3.376 T
China Construction Bank,2018,$207.22 B,$99.21 B,$3.400 T
China Construction Bank,2017,$232.75 B,$92.59 B,$3.019 T
China Construction Bank,2016,$192.56 B,$91.00 B,$2.831 T
China Construction Bank,2015,$173.49 B,$95.98 B,$2.704 T
China Construction Bank,2014,$208.20 B,$92.18 B,$2.538 T
China Construction Bank,2013,$188.16 B,$83.02 B,$2.241 T
China Construction Bank,2012,$200.20 B,$73.22 B,$1.954 T
China Construction Bank,2011,$175.07 B,$61.86 B,$1.634 T
China Construction Bank,2010,$222.62 B,$48.17 B,$1.408 T
China Construction Bank,2009,$201.33 B,$39.15 B,$1.108 T
China Construction Bank,2008,$128.46 B,$38.92 B,$904.59 B
China Construction Bank,2023,$131.64 B,$115.43 B,$5.017 T
China Construction Bank,2022,$157.96 B,$121.97 B,$4.747 T
China Construction Bank,2021,$175.35 B,$127.14 B,$4.313 T
China Construction Bank,2020,$192.21 B,$109.77 B,$3.641 T
China Construction Bank,2019,$217.99 B,$102.01 B,$3.376 T
China Construction Bank,2018,$207.22 B,$99.21 B,$3.400 T
China Construction Bank,2017,$232.75 B,$92.59 B,$3.019 T
China Construction Bank,2016,$192.56 B,$91.00 B,$2.831 T
China Construction Bank,2015,$173.49 B,$95.98 B,$2.704 T
China Construction Bank,2014,$208.20 B,$92.18 B,$2.538 T
China Construction Bank,2013,$188.16 B,$83.02 B,$2.241 T
China Construction Bank,2012,$200.20 B,$73.22 B,$1.954 T
China Construction Bank,2011,$175.07 B,$61.86 B,$1.634 T
China Construction Bank,2010,$222.62 B,$48.17 B,$1.408 T
China Construction Bank,2009,$201.33 B,$39.15 B,$1.108 T
China Construction Bank,2008,$128.46 B,$38.92 B,$904.59 B
China Construction Bank,2023,$131.64 B,$115.43 B,$5.017 T
China Construction Bank,2022,$157.96 B,$121.97 B,$4.747 T
China Construction Bank,2021,$175.35 B,$127.14 B,$4.313 T
China Construction Bank,2020,$192.21 B,$109.77 B,$3.641 T
China Construction Bank,2019,$217.99 B,$102.01 B,$3.376 T
China Construction Bank,2018,$207.22 B,$99.21 B,$3.400 T
China Construction Bank,2017,$232.75 B,$92.59 B,$3.019 T
China Construction Bank,2016,$192.56 B,$91.00 B,$2.831 T
China Construction Bank,2015,$173.49 B,$95.98 B,$2.704 T
China Construction Bank,2014,$208.20 B,$92.18 B,$2.538 T
China Construction Bank,2013,$188.16 B,$83.02 B,$2.241 T
China Construction Bank,2012,$200.20 B,$73.22 B,$1.954 T
China Construction Bank,2011,$175.07 B,$61.86 B,$1.634 T
China Construction Bank,2010,$222.62 B,$48.17 B,$1.408 T
China Construction Bank,2009,$201.33 B,$39.15 B,$1.108 T
China Construction Bank,2008,$128.46 B,$38.92 B,$904.59 B
China Construction Bank,2023,$131.64 B,$115.43 B,$5.017 T
China Construction Bank,2022,$157.96 B,$121.97 B,$4.747 T
China Construction Bank,2021,$175.35 B,$127.14 B,$4.313 T
China Construction Bank,2020,$192.21 B,$109.77 B,$3.641 T
China Construction Bank,2019,$217.99 B,$102.01 B,$3.376 T
China Construction Bank,2018,$207.22 B,$99.21 B,$3.400 T
China Construction Bank,2017,$232.75 B,$92.59 B,$3.019 T
China Construction Bank,2016,$192.56 B,$91.00 B,$2.831 T
China Construction Bank,2015,$173.49 B,$95.98 B,$2.704 T
China Construction Bank,2014,$208.20 B,$92.18 B,$2.538 T
China Construction Bank,2013,$188.16 B,$83.02 B,$2.241 T
China Construction Bank,2012,$200.20 B,$73.22 B,$1.954 T
China Construction Bank,2011,$175.07 B,$61.86 B,$1.634 T
China Construction Bank,2010,$222.62 B,$48.17 B,$1.408 T
China Construction Bank,2009,$201.33 B,$39.15 B,$1.108 T
China Construction Bank,2008,$128.46 B,$38.92 B,$904.59 B
CHINA MOBILE,2023,$184.82 B,$137.90 B,$275.52 B
CHINA MOBILE,2022,$145.01 B,$138.85 B,$288.96 B
CHINA MOBILE,2021,$122.89 B,$131.15 B,$264.92 B
CHINA MOBILE,2020,$117.13 B,$47.47 B,$233.22 B
CHINA MOBILE,2019,$172.20 B,$37.52 B,$223.33 B
CHINA MOBILE,2018,$197.01 B,$29.62 B,$233.96 B
CHINA MOBILE,2017,$207.58 B,$23.27 B,$219.04 B
CHINA MOBILE,2016,$217.03 B,$18.61 B,$220.31 B
CHINA MOBILE,2015,$231.15 B,$15.54 B,$209.37 B
CHINA MOBILE,2014,$238.46 B,$12.12 B,$192.89 B
CHINA MOBILE,2023,$184.82 B,$137.90 B,$275.52 B
CHINA MOBILE,2022,$145.01 B,$138.85 B,$288.96 B
CHINA MOBILE,2021,$122.89 B,$131.15 B,$264.92 B
CHINA MOBILE,2020,$117.13 B,$47.47 B,$233.22 B
CHINA MOBILE,2019,$172.20 B,$37.52 B,$223.33 B
CHINA MOBILE,2018,$197.01 B,$29.62 B,$233.96 B
CHINA MOBILE,2017,$207.58 B,$23.27 B,$219.04 B
CHINA MOBILE,2016,$217.03 B,$18.61 B,$220.31 B
CHINA MOBILE,2015,$231.15 B,$15.54 B,$209.37 B
CHINA MOBILE,2014,$238.46 B,$12.12 B,$192.89 B
CHINA MOBILE,2023,$184.82 B,$137.90 B,$275.52 B
CHINA MOBILE,2022,$145.01 B,$138.85 B,$288.96 B
CHINA MOBILE,2021,$122.89 B,$131.15 B,$264.92 B
CHINA MOBILE,2020,$117.13 B,$47.47 B,$233.22 B
CHINA MOBILE,2019,$172.20 B,$37.52 B,$223.33 B
CHINA MOBILE,2018,$197.01 B,$29.62 B,$233.96 B
CHINA MOBILE,2017,$207.58 B,$23.27 B,$219.04 B
CHINA MOBILE,2016,$217.03 B,$18.61 B,$220.31 B
CHINA MOBILE,2015,$231.15 B,$15.54 B,$209.37 B
CHINA MOBILE,2014,$238.46 B,$12.12 B,$192.89 B
CHINA MOBILE,2023,$184.82 B,$137.90 B,$275.52 B
CHINA MOBILE,2022,$145.01 B,$138.85 B,$288.96 B
CHINA MOBILE,2021,$122.89 B,$131.15 B,$264.92 B
CHINA MOBILE,2020,$117.13 B,$47.47 B,$233.22 B
CHINA MOBILE,2019,$172.20 B,$37.52 B,$223.33 B
CHINA MOBILE,2018,$197.01 B,$29.62 B,$233.96 B
CHINA MOBILE,2017,$207.58 B,$23.27 B,$219.04 B
CHINA MOBILE,2016,$217.03 B,$18.61 B,$220.31 B
CHINA MOBILE,2015,$231.15 B,$15.54 B,$209.37 B
CHINA MOBILE,2014,$238.46 B,$12.12 B,$192.89 B
CHINA MOBILE,2023,$184.82 B,$137.90 B,$275.52 B
CHINA MOBILE,2022,$145.01 B,$138.85 B,$288.96 B
CHINA MOBILE,2021,$122.89 B,$131.15 B,$264.92 B
CHINA MOBILE,2020,$117.13 B,$47.47 B,$233.22 B
CHINA MOBILE,2019,$172.20 B,$37.52 B,$223.33 B
CHINA MOBILE,2018,$197.01 B,$29.62 B,$233.96 B
CHINA MOBILE,2017,$207.58 B,$23.27 B,$219.04 B
CHINA MOBILE,2016,$217.03 B,$18.61 B,$220.31 B
CHINA MOBILE,2015,$231.15 B,$15.54 B,$209.37 B
CHINA MOBILE,2014,$238.46 B,$12.12 B,$192.89 B
CHINA MOBILE,2023,$184.82 B,$137.90 B,$275.52 B
CHINA MOBILE,2022,$145.01 B,$138.85 B,$288.96 B
CHINA MOBILE,2021,$122.89 B,$131.15 B,$264.92 B
CHINA MOBILE,2020,$117.13 B,$47.47 B,$233.22 B
CHINA MOBILE,2019,$172.20 B,$37.52 B,$223.33 B
CHINA MOBILE,2018,$197.01 B,$29.62 B,$233.96 B
CHINA MOBILE,2017,$207.58 B,$23.27 B,$219.04 B
CHINA MOBILE,2016,$217.03 B,$18.61 B,$220.31 B
CHINA MOBILE,2015,$231.15 B,$15.54 B,$209.37 B
CHINA MOBILE,2014,$238.46 B,$12.12 B,$192.89 B
CVS HEALTH,2023,$86.22 B,$339.20 B,$228.27 B
CVS HEALTH,2022,$122.44 B,$322.46 B,$232.99 B
CVS HEALTH,2021,$136.17 B,$292.11 B,$230.71 B
CVS HEALTH,2020,$89.39 B,$268.70 B,$222.44 B
CVS HEALTH,2019,$96.72 B,$256.77 B,$196.45 B
CVS HEALTH,2018,$84.84 B,$194.09 B,$95.13 B
CVS HEALTH,2017,$73.44 B,$184.76 B,$94.46 B
CVS HEALTH,2016,$84.15 B,$177.52 B,$93.65 B
CVS HEALTH,2015,$107.64 B,$153.29 B,$74.25 B
CVS HEALTH,2014,$109.79 B,$139.36 B,$71.52 B
CVS HEALTH,2013,$84.45 B,$126.80 B,$65.91 B
CVS HEALTH,2012,$59.51 B,$123.13 B,$64.54 B
CVS HEALTH,2011,$53.08 B,$107.50 B,$62.16 B
CVS HEALTH,2010,$47.39 B,$96.41 B,$61.64 B
CVS HEALTH,2009,$44.80 B,$98.72 B,$60.95 B
CVS HEALTH,2008,$41.27 B,$87.47 B,$54.72 B
CVS HEALTH,2007,$57.09 B,$76.32 B,$20.56 B
CVS HEALTH,2006,$25.52 B,$43.81 B,$15.28 B
CVS HEALTH,2005,$21.51 B,$37.00 B,$14.54 B
CVS HEALTH,2004,$18.07 B,$30.59 B,$10.54 B
CVS HEALTH,2003,$14.28 B,$26.58 B,$9.64 B
CVS HEALTH,2002,$9.81 B,$24.18 B,$8.62 B
CVS HEALTH,2023,$86.22 B,$339.20 B,$228.27 B
CVS HEALTH,2022,$122.44 B,$322.46 B,$232.99 B
CVS HEALTH,2021,$136.17 B,$292.11 B,$230.71 B
CVS HEALTH,2020,$89.39 B,$268.70 B,$222.44 B
CVS HEALTH,2019,$96.72 B,$256.77 B,$196.45 B
CVS HEALTH,2018,$84.84 B,$194.09 B,$95.13 B
CVS HEALTH,2017,$73.44 B,$184.76 B,$94.46 B
CVS HEALTH,2016,$84.15 B,$177.52 B,$93.65 B
CVS HEALTH,2015,$107.64 B,$153.29 B,$74.25 B
CVS HEALTH,2014,$109.79 B,$139.36 B,$71.52 B
CVS HEALTH,2013,$84.45 B,$126.80 B,$65.91 B
CVS HEALTH,2012,$59.51 B,$123.13 B,$64.54 B
CVS HEALTH,2011,$53.08 B,$107.50 B,$62.16 B
CVS HEALTH,2010,$47.39 B,$96.41 B,$61.64 B
CVS HEALTH,2009,$44.80 B,$98.72 B,$60.95 B
CVS HEALTH,2008,$41.27 B,$87.47 B,$54.72 B
CVS HEALTH,2007,$57.09 B,$76.32 B,$20.56 B
CVS HEALTH,2006,$25.52 B,$43.81 B,$15.28 B
CVS HEALTH,2005,$21.51 B,$37.00 B,$14.54 B
CVS HEALTH,2004,$18.07 B,$30.59 B,$10.54 B
CVS HEALTH,2003,$14.28 B,$26.58 B,$9.64 B
CVS HEALTH,2002,$9.81 B,$24.18 B,$8.62 B
CVS HEALTH,2023,$86.22 B,$339.20 B,$228.27 B
CVS HEALTH,2022,$122.44 B,$322.46 B,$232.99 B
CVS HEALTH,2021,$136.17 B,$292.11 B,$230.71 B
CVS HEALTH,2020,$89.39 B,$268.70 B,$222.44 B
CVS HEALTH,2019,$96.72 B,$256.77 B,$196.45 B
CVS HEALTH,2018,$84.84 B,$194.09 B,$95.13 B
CVS HEALTH,2017,$73.44 B,$184.76 B,$94.46 B
CVS HEALTH,2016,$84.15 B,$177.52 B,$93.65 B
CVS HEALTH,2015,$107.64 B,$153.29 B,$74.25 B
CVS HEALTH,2014,$109.79 B,$139.36 B,$71.52 B
CVS HEALTH,2013,$84.45 B,$126.80 B,$65.91 B
CVS HEALTH,2012,$59.51 B,$123.13 B,$64.54 B
CVS HEALTH,2011,$53.08 B,$107.50 B,$62.16 B
CVS HEALTH,2010,$47.39 B,$96.41 B,$61.64 B
CVS HEALTH,2009,$44.80 B,$98.72 B,$60.95 B
CVS HEALTH,2008,$41.27 B,$87.47 B,$54.72 B
CVS HEALTH,2007,$57.09 B,$76.32 B,$20.56 B
CVS HEALTH,2006,$25.52 B,$43.81 B,$15.28 B
CVS HEALTH,2005,$21.51 B,$37.00 B,$14.54 B
CVS HEALTH,2004,$18.07 B,$30.59 B,$10.54 B
CVS HEALTH,2003,$14.28 B,$26.58 B,$9.64 B
CVS HEALTH,2002,$9.81 B,$24.18 B,$8.62 B
CVS HEALTH,2023,$86.22 B,$339.20 B,$228.27 B
CVS HEALTH,2022,$122.44 B,$322.46 B,$232.99 B
CVS HEALTH,2021,$136.17 B,$292.11 B,$230.71 B
CVS HEALTH,2020,$89.39 B,$268.70 B,$222.44 B
CVS HEALTH,2019,$96.72 B,$256.77 B,$196.45 B
CVS HEALTH,2018,$84.84 B,$194.09 B,$95.13 B
CVS HEALTH,2017,$73.44 B,$184.76 B,$94.46 B
CVS HEALTH,2016,$84.15 B,$177.52 B,$93.65 B
CVS HEALTH,2015,$107.64 B,$153.29 B,$74.25 B
CVS HEALTH,2014,$109.79 B,$139.36 B,$71.52 B
CVS HEALTH,2013,$84.45 B,$126.80 B,$65.91 B
CVS HEALTH,2012,$59.51 B,$123.13 B,$64.54 B
CVS HEALTH,2011,$53.08 B,$107.50 B,$62.16 B
CVS HEALTH,2010,$47.39 B,$96.41 B,$61.64 B
CVS HEALTH,2009,$44.80 B,$98.72 B,$60.95 B
CVS HEALTH,2008,$41.27 B,$87.47 B,$54.72 B
CVS HEALTH,2007,$57.09 B,$76.32 B,$20.56 B
CVS HEALTH,2006,$25.52 B,$43.81 B,$15.28 B
CVS HEALTH,2005,$21.51 B,$37.00 B,$14.54 B
CVS HEALTH,2004,$18.07 B,$30.59 B,$10.54 B
CVS HEALTH,2003,$14.28 B,$26.58 B,$9.64 B
CVS HEALTH,2002,$9.81 B,$24.18 B,$8.62 B
CVS HEALTH,2023,$86.22 B,$339.20 B,$228.27 B
CVS HEALTH,2022,$122.44 B,$322.46 B,$232.99 B
CVS HEALTH,2021,$136.17 B,$292.11 B,$230.71 B
CVS HEALTH,2020,$89.39 B,$268.70 B,$222.44 B
CVS HEALTH,2019,$96.72 B,$256.77 B,$196.45 B
CVS HEALTH,2018,$84.84 B,$194.09 B,$95.13 B
CVS HEALTH,2017,$73.44 B,$184.76 B,$94.46 B
CVS HEALTH,2016,$84.15 B,$177.52 B,$93.65 B
CVS HEALTH,2015,$107.64 B,$153.29 B,$74.25 B
CVS HEALTH,2014,$109.79 B,$139.36 B,$71.52 B
CVS HEALTH,2013,$84.45 B,$126.80 B,$65.91 B
CVS HEALTH,2012,$59.51 B,$123.13 B,$64.54 B
CVS HEALTH,2011,$53.08 B,$107.50 B,$62.16 B
CVS HEALTH,2010,$47.39 B,$96.41 B,$61.64 B
CVS HEALTH,2009,$44.80 B,$98.72 B,$60.95 B
CVS HEALTH,2008,$41.27 B,$87.47 B,$54.72 B
CVS HEALTH,2007,$57.09 B,$76.32 B,$20.56 B
CVS HEALTH,2006,$25.52 B,$43.81 B,$15.28 B
CVS HEALTH,2005,$21.51 B,$37.00 B,$14.54 B
CVS HEALTH,2004,$18.07 B,$30.59 B,$10.54 B
CVS HEALTH,2003,$14.28 B,$26.58 B,$9.64 B
CVS HEALTH,2002,$9.81 B,$24.18 B,$8.62 B
CVS HEALTH,2023,$86.22 B,$339.20 B,$228.27 B
CVS HEALTH,2022,$122.44 B,$322.46 B,$232.99 B
CVS HEALTH,2021,$136.17 B,$292.11 B,$230.71 B
CVS HEALTH,2020,$89.39 B,$268.70 B,$222.44 B
CVS HEALTH,2019,$96.72 B,$256.77 B,$196.45 B
CVS HEALTH,2018,$84.84 B,$194.09 B,$95.13 B
CVS HEALTH,2017,$73.44 B,$184.76 B,$94.46 B
CVS HEALTH,2016,$84.15 B,$177.52 B,$93.65 B
CVS HEALTH,2015,$107.64 B,$153.29 B,$74.25 B
CVS HEALTH,2014,$109.79 B,$139.36 B,$71.52 B
CVS HEALTH,2013,$84.45 B,$126.80 B,$65.91 B
CVS HEALTH,2012,$59.51 B,$123.13 B,$64.54 B
CVS HEALTH,2011,$53.08 B,$107.50 B,$62.16 B
CVS HEALTH,2010,$47.39 B,$96.41 B,$61.64 B
CVS HEALTH,2009,$44.80 B,$98.72 B,$60.95 B
CVS HEALTH,2008,$41.27 B,$87.47 B,$54.72 B
CVS HEALTH,2007,$57.09 B,$76.32 B,$20.56 B
CVS HEALTH,2006,$25.52 B,$43.81 B,$15.28 B
CVS HEALTH,2005,$21.51 B,$37.00 B,$14.54 B
CVS HEALTH,2004,$18.07 B,$30.59 B,$10.54 B
CVS HEALTH,2003,$14.28 B,$26.58 B,$9.64 B
CVS HEALTH,2002,$9.81 B,$24.18 B,$8.62 B
DEUTSCHE TELEKOM,2023,$105.67 B,$119.09 B,$319.78 B
DEUTSCHE TELEKOM,2022,$98.88 B,$120.21 B,$318.94 B
DEUTSCHE TELEKOM,2021,$92.04 B,$126.21 B,$325.84 B
DEUTSCHE TELEKOM,2020,$87.25 B,$117.05 B,$191.19 B
DEUTSCHE TELEKOM,2019,$77.41 B,$89.87 B,$166.30 B
DEUTSCHE TELEKOM,2018,$80.72 B,$88.52 B,$169.67 B
DEUTSCHE TELEKOM,2017,$82.27 B,$86.09 B,$156.30 B
DEUTSCHE TELEKOM,2016,$80.52 B,$80.69 B,$157.36 B
DEUTSCHE TELEKOM,2015,$83.68 B,$76.57 B,$157.32 B
DEUTSCHE TELEKOM,2014,$72.75 B,$81.64 B,$163.16 B
DEUTSCHE TELEKOM,2013,$76.32 B,$79.96 B,$142.78 B
DEUTSCHE TELEKOM,2012,$49.10 B,$75.69 B,$158.81 B
DEUTSCHE TELEKOM,2011,$49.40 B,$79.62 B,$170.00 B
DEUTSCHE TELEKOM,2010,$55.49 B,$87.58 B,$46.77 B
DEUTSCHE TELEKOM,2009,$64.29 B,$90.90 B,$172.55 B
DEUTSCHE TELEKOM,2008,$65.54 B,$91.99 B,$176.46 B
DEUTSCHE TELEKOM,2007,$95.64 B,$87.42 B,$172.05 B
DEUTSCHE TELEKOM,2006,$79.66 B,$78.10 B,$151.00 B
DEUTSCHE TELEKOM,2005,$69.99 B,$72.74 B,$146.14 B
DEUTSCHE TELEKOM,2004,$94.74 B,$73.03 B,$145.88 B
DEUTSCHE TELEKOM,2003,$76.63 B,$66.06 B,$136.60 B
DEUTSCHE TELEKOM,2002,$55.74 B,$58.43 B,$178.81 B
DEUTSCHE TELEKOM,2001,$87.82 B,$49.76 B,$118.42 B
DEUTSCHE TELEKOM,2023,$105.67 B,$119.09 B,$319.78 B
DEUTSCHE TELEKOM,2022,$98.88 B,$120.21 B,$318.94 B
DEUTSCHE TELEKOM,2021,$92.04 B,$126.21 B,$325.84 B
DEUTSCHE TELEKOM,2020,$87.25 B,$117.05 B,$191.19 B
DEUTSCHE TELEKOM,2019,$77.41 B,$89.87 B,$166.30 B
DEUTSCHE TELEKOM,2018,$80.72 B,$88.52 B,$169.67 B
DEUTSCHE TELEKOM,2017,$82.27 B,$86.09 B,$156.30 B
DEUTSCHE TELEKOM,2016,$80.52 B,$80.69 B,$157.36 B
DEUTSCHE TELEKOM,2015,$83.68 B,$76.57 B,$157.32 B
DEUTSCHE TELEKOM,2014,$72.75 B,$81.64 B,$163.16 B
DEUTSCHE TELEKOM,2013,$76.32 B,$79.96 B,$142.78 B
DEUTSCHE TELEKOM,2012,$49.10 B,$75.69 B,$158.81 B
DEUTSCHE TELEKOM,2011,$49.40 B,$79.62 B,$170.00 B
DEUTSCHE TELEKOM,2010,$55.49 B,$87.58 B,$46.77 B
DEUTSCHE TELEKOM,2009,$64.29 B,$90.90 B,$172.55 B
DEUTSCHE TELEKOM,2008,$65.54 B,$91.99 B,$176.46 B
DEUTSCHE TELEKOM,2007,$95.64 B,$87.42 B,$172.05 B
DEUTSCHE TELEKOM,2006,$79.66 B,$78.10 B,$151.00 B
DEUTSCHE TELEKOM,2005,$69.99 B,$72.74 B,$146.14 B
DEUTSCHE TELEKOM,2004,$94.74 B,$73.03 B,$145.88 B
DEUTSCHE TELEKOM,2003,$76.63 B,$66.06 B,$136.60 B
DEUTSCHE TELEKOM,2002,$55.74 B,$58.43 B,$178.81 B
DEUTSCHE TELEKOM,2001,$87.82 B,$49.76 B,$118.42 B
DEUTSCHE TELEKOM,2023,$105.67 B,$119.09 B,$319.78 B
DEUTSCHE TELEKOM,2022,$98.88 B,$120.21 B,$318.94 B
DEUTSCHE TELEKOM,2021,$92.04 B,$126.21 B,$325.84 B
DEUTSCHE TELEKOM,2020,$87.25 B,$117.05 B,$191.19 B
DEUTSCHE TELEKOM,2019,$77.41 B,$89.87 B,$166.30 B
DEUTSCHE TELEKOM,2018,$80.72 B,$88.52 B,$169.67 B
DEUTSCHE TELEKOM,2017,$82.27 B,$86.09 B,$156.30 B
DEUTSCHE TELEKOM,2016,$80.52 B,$80.69 B,$157.36 B
DEUTSCHE TELEKOM,2015,$83.68 B,$76.57 B,$157.32 B
DEUTSCHE TELEKOM,2014,$72.75 B,$81.64 B,$163.16 B
DEUTSCHE TELEKOM,2013,$76.32 B,$79.96 B,$142.78 B
DEUTSCHE TELEKOM,2012,$49.10 B,$75.69 B,$158.81 B
DEUTSCHE TELEKOM,2011,$49.40 B,$79.62 B,$170.00 B
DEUTSCHE TELEKOM,2010,$55.49 B,$87.58 B,$46.77 B
DEUTSCHE TELEKOM,2009,$64.29 B,$90.90 B,$172.55 B
DEUTSCHE TELEKOM,2008,$65.54 B,$91.99 B,$176.46 B
DEUTSCHE TELEKOM,2007,$95.64 B,$87.42 B,$172.05 B
DEUTSCHE TELEKOM,2006,$79.66 B,$78.10 B,$151.00 B
DEUTSCHE TELEKOM,2005,$69.99 B,$72.74 B,$146.14 B
DEUTSCHE TELEKOM,2004,$94.74 B,$73.03 B,$145.88 B
DEUTSCHE TELEKOM,2003,$76.63 B,$66.06 B,$136.60 B
DEUTSCHE TELEKOM,2002,$55.74 B,$58.43 B,$178.81 B
DEUTSCHE TELEKOM,2001,$87.82 B,$49.76 B,$118.42 B
DEUTSCHE TELEKOM,2023,$105.67 B,$119.09 B,$319.78 B
DEUTSCHE TELEKOM,2022,$98.88 B,$120.21 B,$318.94 B
DEUTSCHE TELEKOM,2021,$92.04 B,$126.21 B,$325.84 B
DEUTSCHE TELEKOM,2020,$87.25 B,$117.05 B,$191.19 B
DEUTSCHE TELEKOM,2019,$77.41 B,$89.87 B,$166.30 B
DEUTSCHE TELEKOM,2018,$80.72 B,$88.52 B,$169.67 B
DEUTSCHE TELEKOM,2017,$82.27 B,$86.09 B,$156.30 B
DEUTSCHE TELEKOM,2016,$80.52 B,$80.69 B,$157.36 B
DEUTSCHE TELEKOM,2015,$83.68 B,$76.57 B,$157.32 B
DEUTSCHE TELEKOM,2014,$72.75 B,$81.64 B,$163.16 B
DEUTSCHE TELEKOM,2013,$76.32 B,$79.96 B,$142.78 B
DEUTSCHE TELEKOM,2012,$49.10 B,$75.69 B,$158.81 B
DEUTSCHE TELEKOM,2011,$49.40 B,$79.62 B,$170.00 B
DEUTSCHE TELEKOM,2010,$55.49 B,$87.58 B,$46.77 B
DEUTSCHE TELEKOM,2009,$64.29 B,$90.90 B,$172.55 B
DEUTSCHE TELEKOM,2008,$65.54 B,$91.99 B,$176.46 B
DEUTSCHE TELEKOM,2007,$95.64 B,$87.42 B,$172.05 B
DEUTSCHE TELEKOM,2006,$79.66 B,$78.10 B,$151.00 B
DEUTSCHE TELEKOM,2005,$69.99 B,$72.74 B,$146.14 B
DEUTSCHE TELEKOM,2004,$94.74 B,$73.03 B,$145.88 B
DEUTSCHE TELEKOM,2003,$76.63 B,$66.06 B,$136.60 B
DEUTSCHE TELEKOM,2002,$55.74 B,$58.43 B,$178.81 B
DEUTSCHE TELEKOM,2001,$87.82 B,$49.76 B,$118.42 B
Petrobras,2023,$95.09 B,$112.33 B,$187.19 B
Petrobras,2022,$69.46 B,$124.47 B,$174.34 B
Petrobras,2021,$69.59 B,$83.96 B,$190.01 B
Petrobras,2020,$71.83 B,$53.68 B,$229.74 B
Petrobras,2019,$101.18 B,$95.58 B,$222.06 B
Petrobras,2018,$81.56 B,$88.82 B,$251.36 B
Petrobras,2017,$65.18 B,$81.40 B,$246.98 B
Petrobras,2016,$64.31 B,$97.31 B,$230.52 B
Petrobras,2015,$25.57 B,$143.65 B,$298.68 B
Petrobras,2014,$47.91 B,$141.46 B,$321.42 B
Petrobras,2013,$90.69 B,$144.21 B,$331.64 B
Petrobras,2012,$124.16 B,$145.94 B,$599.15 B
Petrobras,2011,$156.23 B,$120.05 B,$308.68 B
Petrobras,2010,$224.83 B,$91.86 B,$200.27 B
Petrobras,2009,$198.69 B,$118.25 B,$125.69 B
Petrobras,2008,$107.43 B,$87.73 B,$129.71 B
Petrobras,2007,$252.78 B,$72.34 B,$98.68 B
Petrobras,2006,$112.95 B,$56.32 B,$78.62 B
Petrobras,2005,$78.16 B,$37.45 B,$63.08 B
Petrobras,2004,$43.20 B,$30.79 B,$53.61 B
Petrobras,2003,$31.75 B,$22.61 B,$32.01 B
Petrobras,2002,$16.22 B,$24.54 B,$36.86 B
Petrobras,2001,$25.30 B,$364.11 B,$251.77 B
Petrobras,ChevronCVX,$305.13 B,$214.08 B,$22.23 B
Petrobras,HessHES,$47.49 B,$10.75 B,$27.03 B
Petrobras,2023,$95.09 B,$112.33 B,$187.19 B
Petrobras,2022,$69.46 B,$124.47 B,$174.34 B
Petrobras,2021,$69.59 B,$83.96 B,$190.01 B
Petrobras,2020,$71.83 B,$53.68 B,$229.74 B
Petrobras,2019,$101.18 B,$95.58 B,$222.06 B
Petrobras,2018,$81.56 B,$88.82 B,$251.36 B
Petrobras,2017,$65.18 B,$81.40 B,$246.98 B
Petrobras,2016,$64.31 B,$97.31 B,$230.52 B
Petrobras,2015,$25.57 B,$143.65 B,$298.68 B
Petrobras,2014,$47.91 B,$141.46 B,$321.42 B
Petrobras,2013,$90.69 B,$144.21 B,$331.64 B
Petrobras,2012,$124.16 B,$145.94 B,$599.15 B
Petrobras,2011,$156.23 B,$120.05 B,$308.68 B
Petrobras,2010,$224.83 B,$91.86 B,$200.27 B
Petrobras,2009,$198.69 B,$118.25 B,$125.69 B
Petrobras,2008,$107.43 B,$87.73 B,$129.71 B
Petrobras,2007,$252.78 B,$72.34 B,$98.68 B
Petrobras,2006,$112.95 B,$56.32 B,$78.62 B
Petrobras,2005,$78.16 B,$37.45 B,$63.08 B
Petrobras,2004,$43.20 B,$30.79 B,$53.61 B
Petrobras,2003,$31.75 B,$22.61 B,$32.01 B
Petrobras,2002,$16.22 B,$24.54 B,$36.86 B
Petrobras,2001,$25.30 B,$364.11 B,$251.77 B
Petrobras,ChevronCVX,$305.13 B,$214.08 B,$22.23 B
Petrobras,HessHES,$47.49 B,$10.75 B,$27.03 B
Petrobras,2023,$95.09 B,$112.33 B,$187.19 B
Petrobras,2022,$69.46 B,$124.47 B,$174.34 B
Petrobras,2021,$69.59 B,$83.96 B,$190.01 B
Petrobras,2020,$71.83 B,$53.68 B,$229.74 B
Petrobras,2019,$101.18 B,$95.58 B,$222.06 B
Petrobras,2018,$81.56 B,$88.82 B,$251.36 B
Petrobras,2017,$65.18 B,$81.40 B,$246.98 B
Petrobras,2016,$64.31 B,$97.31 B,$230.52 B
Petrobras,2015,$25.57 B,$143.65 B,$298.68 B
Petrobras,2014,$47.91 B,$141.46 B,$321.42 B
Petrobras,2013,$90.69 B,$144.21 B,$331.64 B
Petrobras,2012,$124.16 B,$145.94 B,$599.15 B
Petrobras,2011,$156.23 B,$120.05 B,$308.68 B
Petrobras,2010,$224.83 B,$91.86 B,$200.27 B
Petrobras,2009,$198.69 B,$118.25 B,$125.69 B
Petrobras,2008,$107.43 B,$87.73 B,$129.71 B
Petrobras,2007,$252.78 B,$72.34 B,$98.68 B
Petrobras,2006,$112.95 B,$56.32 B,$78.62 B
Petrobras,2005,$78.16 B,$37.45 B,$63.08 B
Petrobras,2004,$43.20 B,$30.79 B,$53.61 B
Petrobras,2003,$31.75 B,$22.61 B,$32.01 B
Petrobras,2002,$16.22 B,$24.54 B,$36.86 B
Petrobras,2001,$25.30 B,$364.11 B,$251.77 B
Petrobras,ChevronCVX,$305.13 B,$214.08 B,$22.23 B
Petrobras,HessHES,$47.49 B,$10.75 B,$27.03 B
WALMART,2023,$430.98 B,$622.02 B,$243.45 B
WALMART,2022,$382.37 B,$600.11 B,$244.86 B
WALMART,2021,$401.35 B,$571.96 B,$252.49 B
WALMART,2020,$407.84 B,$548.74 B,$236.49 B
WALMART,2019,$337.16 B,$521.08 B,$219.29 B
WALMART,2018,$270.62 B,$511.87 B,$204.52 B
WALMART,2017,$292.53 B,$495.01 B,$198.82 B
WALMART,2016,$212.41 B,$484.60 B,$199.58 B
WALMART,2015,$196.27 B,$484.02 B,$203.70 B
WALMART,2014,$276.80 B,$483.79 B,$204.75 B
WALMART,2013,$254.62 B,$474.73 B,$203.10 B
WALMART,2012,$228.24 B,$464.41 B,$193.40 B
WALMART,2011,$204.65 B,$440.14 B,$180.66 B
WALMART,2010,$192.09 B,$419.17 B,$170.70 B
WALMART,2009,$203.65 B,$403.67 B,$163.42 B
WALMART,2008,$219.89 B,$404.04 B,$163.51 B
WALMART,2007,$190.34 B,$370.44 B,$151.19 B
WALMART,2006,$192.47 B,$340.49 B,$138.18 B
WALMART,2005,$194.85 B,$308.27 B,$120.22 B
WALMART,2004,$223.68 B,$280.36 B,$104.91 B
WALMART,2003,$230.10 B,$255.07 B,$94.68 B
WALMART,2002,$223.43 B,$239.76 B,$83.45 B
WALMART,2001,$256.50 B,$212.12 B,$78.13 B
WALMART,eBayEBAY,$23.58 B,$28.75 B,$19.95 B
WALMART,"Kohl's
KSS",$2.93 B,$9.94 B,$14.71 B
WALMART,"Macy's
M",$3.34 B,$17.95 B,$16.86 B
WALMART,TargetTGT,$58.23 B,$24.93 B,$53.20 B
WALMART,"PriceSmart
PSMT",$2.50 B,$109.27 B,$1.93 B
WALMART,2023,$430.98 B,$622.02 B,$243.45 B
WALMART,2022,$382.37 B,$600.11 B,$244.86 B
WALMART,2021,$401.35 B,$571.96 B,$252.49 B
WALMART,2020,$407.84 B,$548.74 B,$236.49 B
WALMART,2019,$337.16 B,$521.08 B,$219.29 B
WALMART,2018,$270.62 B,$511.87 B,$204.52 B
WALMART,2017,$292.53 B,$495.01 B,$198.82 B
WALMART,2016,$212.41 B,$484.60 B,$199.58 B
WALMART,2015,$196.27 B,$484.02 B,$203.70 B
WALMART,2014,$276.80 B,$483.79 B,$204.75 B
WALMART,2013,$254.62 B,$474.73 B,$203.10 B
WALMART,2012,$228.24 B,$464.41 B,$193.40 B
WALMART,2011,$204.65 B,$440.14 B,$180.66 B
WALMART,2010,$192.09 B,$419.17 B,$170.70 B
WALMART,2009,$203.65 B,$403.67 B,$163.42 B
WALMART,2008,$219.89 B,$404.04 B,$163.51 B
WALMART,2007,$190.34 B,$370.44 B,$151.19 B
WALMART,2006,$192.47 B,$340.49 B,$138.18 B
WALMART,2005,$194.85 B,$308.27 B,$120.22 B
WALMART,2004,$223.68 B,$280.36 B,$104.91 B
WALMART,2003,$230.10 B,$255.07 B,$94.68 B
WALMART,2002,$223.43 B,$239.76 B,$83.45 B
WALMART,2001,$256.50 B,$212.12 B,$78.13 B
WALMART,eBayEBAY,$23.58 B,$28.75 B,$19.95 B
WALMART,"Kohl's
KSS",$2.93 B,$9.94 B,$14.71 B
WALMART,"Macy's
M",$3.34 B,$17.95 B,$16.86 B
WALMART,TargetTGT,$58.23 B,$24.93 B,$53.20 B
WALMART,"PriceSmart
PSMT",$2.50 B,$109.27 B,$1.93 B
WALMART,2023,$430.98 B,$622.02 B,$243.45 B
WALMART,2022,$382.37 B,$600.11 B,$244.86 B
WALMART,2021,$401.35 B,$571.96 B,$252.49 B
WALMART,2020,$407.84 B,$548.74 B,$236.49 B
WALMART,2019,$337.16 B,$521.08 B,$219.29 B
WALMART,2018,$270.62 B,$511.87 B,$204.52 B
WALMART,2017,$292.53 B,$495.01 B,$198.82 B
WALMART,2016,$212.41 B,$484.60 B,$199.58 B
WALMART,2015,$196.27 B,$484.02 B,$203.70 B
WALMART,2014,$276.80 B,$483.79 B,$204.75 B
WALMART,2013,$254.62 B,$474.73 B,$203.10 B
WALMART,2012,$228.24 B,$464.41 B,$193.40 B
WALMART,2011,$204.65 B,$440.14 B,$180.66 B
WALMART,2010,$192.09 B,$419.17 B,$170.70 B
WALMART,2009,$203.65 B,$403.67 B,$163.42 B
WALMART,2008,$219.89 B,$404.04 B,$163.51 B
WALMART,2007,$190.34 B,$370.44 B,$151.19 B
WALMART,2006,$192.47 B,$340.49 B,$138.18 B
WALMART,2005,$194.85 B,$308.27 B,$120.22 B
WALMART,2004,$223.68 B,$280.36 B,$104.91 B
WALMART,2003,$230.10 B,$255.07 B,$94.68 B
WALMART,2002,$223.43 B,$239.76 B,$83.45 B
WALMART,2001,$256.50 B,$212.12 B,$78.13 B
WALMART,eBayEBAY,$23.58 B,$28.75 B,$19.95 B
WALMART,"Kohl's
KSS",$2.93 B,$9.94 B,$14.71 B
WALMART,"Macy's
M",$3.34 B,$17.95 B,$16.86 B
WALMART,TargetTGT,$58.23 B,$24.93 B,$53.20 B
WALMART,"PriceSmart
PSMT",$2.50 B,$109.27 B,$1.93 B
WALMART,2023,$430.98 B,$622.02 B,$243.45 B
WALMART,2022,$382.37 B,$600.11 B,$244.86 B
WALMART,2021,$401.35 B,$571.96 B,$252.49 B
WALMART,2020,$407.84 B,$548.74 B,$236.49 B
WALMART,2019,$337.16 B,$521.08 B,$219.29 B
WALMART,2018,$270.62 B,$511.87 B,$204.52 B
WALMART,2017,$292.53 B,$495.01 B,$198.82 B
WALMART,2016,$212.41 B,$484.60 B,$199.58 B
WALMART,2015,$196.27 B,$484.02 B,$203.70 B
WALMART,2014,$276.80 B,$483.79 B,$204.75 B
WALMART,2013,$254.62 B,$474.73 B,$203.10 B
WALMART,2012,$228.24 B,$464.41 B,$193.40 B
WALMART,2011,$204.65 B,$440.14 B,$180.66 B
WALMART,2010,$192.09 B,$419.17 B,$170.70 B
WALMART,2009,$203.65 B,$403.67 B,$163.42 B
WALMART,2008,$219.89 B,$404.04 B,$163.51 B
WALMART,2007,$190.34 B,$370.44 B,$151.19 B
WALMART,2006,$192.47 B,$340.49 B,$138.18 B
WALMART,2005,$194.85 B,$308.27 B,$120.22 B
WALMART,2004,$223.68 B,$280.36 B,$104.91 B
WALMART,2003,$230.10 B,$255.07 B,$94.68 B
WALMART,2002,$223.43 B,$239.76 B,$83.45 B
WALMART,2001,$256.50 B,$212.12 B,$78.13 B
WALMART,eBayEBAY,$23.58 B,$28.75 B,$19.95 B
WALMART,"Kohl's
KSS",$2.93 B,$9.94 B,$14.71 B
WALMART,"Macy's
M",$3.34 B,$17.95 B,$16.86 B
WALMART,TargetTGT,$58.23 B,$24.93 B,$53.20 B
WALMART,"PriceSmart
PSMT",$2.50 B,$109.27 B,$1.93 B
WALMART,2023,$430.98 B,$622.02 B,$243.45 B
WALMART,2022,$382.37 B,$600.11 B,$244.86 B
WALMART,2021,$401.35 B,$571.96 B,$252.49 B
WALMART,2020,$407.84 B,$548.74 B,$236.49 B
WALMART,2019,$337.16 B,$521.08 B,$219.29 B
WALMART,2018,$270.62 B,$511.87 B,$204.52 B
WALMART,2017,$292.53 B,$495.01 B,$198.82 B
WALMART,2016,$212.41 B,$484.60 B,$199.58 B
WALMART,2015,$196.27 B,$484.02 B,$203.70 B
WALMART,2014,$276.80 B,$483.79 B,$204.75 B
WALMART,2013,$254.62 B,$474.73 B,$203.10 B
WALMART,2012,$228.24 B,$464.41 B,$193.40 B
WALMART,2011,$204.65 B,$440.14 B,$180.66 B
WALMART,2010,$192.09 B,$419.17 B,$170.70 B
WALMART,2009,$203.65 B,$403.67 B,$163.42 B
WALMART,2008,$219.89 B,$404.04 B,$163.51 B
WALMART,2007,$190.34 B,$370.44 B,$151.19 B
WALMART,2006,$192.47 B,$340.49 B,$138.18 B
WALMART,2005,$194.85 B,$308.27 B,$120.22 B
WALMART,2004,$223.68 B,$280.36 B,$104.91 B
WALMART,2003,$230.10 B,$255.07 B,$94.68 B
WALMART,2002,$223.43 B,$239.76 B,$83.45 B
WALMART,2001,$256.50 B,$212.12 B,$78.13 B
WALMART,eBayEBAY,$23.58 B,$28.75 B,$19.95 B
WALMART,"Kohl's
KSS",$2.93 B,$9.94 B,$14.71 B
WALMART,"Macy's
M",$3.34 B,$17.95 B,$16.86 B
WALMART,TargetTGT,$58.23 B,$24.93 B,$53.20 B
WALMART,"PriceSmart
PSMT",$2.50 B,$109.27 B,$1.93 B
WALMART,2023,$430.98 B,$622.02 B,$243.45 B
WALMART,2022,$382.37 B,$600.11 B,$244.86 B
WALMART,2021,$401.35 B,$571.96 B,$252.49 B
WALMART,2020,$407.84 B,$548.74 B,$236.49 B
WALMART,2019,$337.16 B,$521.08 B,$219.29 B
WALMART,2018,$270.62 B,$511.87 B,$204.52 B
WALMART,2017,$292.53 B,$495.01 B,$198.82 B
WALMART,2016,$212.41 B,$484.60 B,$199.58 B
WALMART,2015,$196.27 B,$484.02 B,$203.70 B
WALMART,2014,$276.80 B,$483.79 B,$204.75 B
WALMART,2013,$254.62 B,$474.73 B,$203.10 B
WALMART,2012,$228.24 B,$464.41 B,$193.40 B
WALMART,2011,$204.65 B,$440.14 B,$180.66 B
WALMART,2010,$192.09 B,$419.17 B,$170.70 B
WALMART,2009,$203.65 B,$403.67 B,$163.42 B
WALMART,2008,$219.89 B,$404.04 B,$163.51 B
WALMART,2007,$190.34 B,$370.44 B,$151.19 B
WALMART,2006,$192.47 B,$340.49 B,$138.18 B
WALMART,2005,$194.85 B,$308.27 B,$120.22 B
WALMART,2004,$223.68 B,$280.36 B,$104.91 B
WALMART,2003,$230.10 B,$255.07 B,$94.68 B
WALMART,2002,$223.43 B,$239.76 B,$83.45 B
WALMART,2001,$256.50 B,$212.12 B,$78.13 B
WALMART,eBayEBAY,$23.58 B,$28.75 B,$19.95 B
WALMART,"Kohl's
KSS",$2.93 B,$9.94 B,$14.71 B
WALMART,"Macy's
M",$3.34 B,$17.95 B,$16.86 B
WALMART,TargetTGT,$58.23 B,$24.93 B,$53.20 B
WALMART,"PriceSmart
PSMT",$2.50 B,$109.27 B,$1.93 B
ALLIANZ,2023,$98.31 B,$128.59 B,$1.094 T
ALLIANZ,2022,$86.46 B,$124.90 B,$1.290 T
ALLIANZ,2021,$95.99 B,$203.26 B,$1.303 T
ALLIANZ,2020,$101.71 B,$130.42 B,$1.132 T
ALLIANZ,2019,$101.91 B,$105.90 B,$1.026 T
ALLIANZ,2018,$84.85 B,$104.27 B,$1.082 T
ALLIANZ,2017,$100.36 B,$108.03 B,$930.38 B
ALLIANZ,2016,$75.51 B,$105.03 B,$928.23 B
ALLIANZ,2015,$81.33 B,$118.87 B,$980.00 B
ALLIANZ,2014,$75.88 B,$131.96 B,$982.62 B
ALLIANZ,2013,$81.67 B,$132.34 B,$918.82 B
ALLIANZ,2012,$62.82 B,$137.21 B,$831.35 B
ALLIANZ,2011,$43.23 B,$107.66 B,$831.25 B
ALLIANZ,2010,$53.41 B,$89.80 B,$836.76 B
ALLIANZ,2023,$98.31 B,$128.59 B,$1.094 T
ALLIANZ,2022,$86.46 B,$124.90 B,$1.290 T
ALLIANZ,2021,$95.99 B,$203.26 B,$1.303 T
ALLIANZ,2020,$101.71 B,$130.42 B,$1.132 T
ALLIANZ,2019,$101.91 B,$105.90 B,$1.026 T
ALLIANZ,2018,$84.85 B,$104.27 B,$1.082 T
ALLIANZ,2017,$100.36 B,$108.03 B,$930.38 B
ALLIANZ,2016,$75.51 B,$105.03 B,$928.23 B
ALLIANZ,2015,$81.33 B,$118.87 B,$980.00 B
ALLIANZ,2014,$75.88 B,$131.96 B,$982.62 B
ALLIANZ,2013,$81.67 B,$132.34 B,$918.82 B
ALLIANZ,2012,$62.82 B,$137.21 B,$831.35 B
ALLIANZ,2011,$43.23 B,$107.66 B,$831.25 B
ALLIANZ,2010,$53.41 B,$89.80 B,$836.76 B
ALLIANZ,2023,$98.31 B,$128.59 B,$1.094 T
ALLIANZ,2022,$86.46 B,$124.90 B,$1.290 T
ALLIANZ,2021,$95.99 B,$203.26 B,$1.303 T
ALLIANZ,2020,$101.71 B,$130.42 B,$1.132 T
ALLIANZ,2019,$101.91 B,$105.90 B,$1.026 T
ALLIANZ,2018,$84.85 B,$104.27 B,$1.082 T
ALLIANZ,2017,$100.36 B,$108.03 B,$930.38 B
ALLIANZ,2016,$75.51 B,$105.03 B,$928.23 B
ALLIANZ,2015,$81.33 B,$118.87 B,$980.00 B
ALLIANZ,2014,$75.88 B,$131.96 B,$982.62 B
ALLIANZ,2013,$81.67 B,$132.34 B,$918.82 B
ALLIANZ,2012,$62.82 B,$137.21 B,$831.35 B
ALLIANZ,2011,$43.23 B,$107.66 B,$831.25 B
ALLIANZ,2010,$53.41 B,$89.80 B,$836.76 B
ALLIANZ,2023,$98.31 B,$128.59 B,$1.094 T
ALLIANZ,2022,$86.46 B,$124.90 B,$1.290 T
ALLIANZ,2021,$95.99 B,$203.26 B,$1.303 T
ALLIANZ,2020,$101.71 B,$130.42 B,$1.132 T
ALLIANZ,2019,$101.91 B,$105.90 B,$1.026 T
ALLIANZ,2018,$84.85 B,$104.27 B,$1.082 T
ALLIANZ,2017,$100.36 B,$108.03 B,$930.38 B
ALLIANZ,2016,$75.51 B,$105.03 B,$928.23 B
ALLIANZ,2015,$81.33 B,$118.87 B,$980.00 B
ALLIANZ,2014,$75.88 B,$131.96 B,$982.62 B
ALLIANZ,2013,$81.67 B,$132.34 B,$918.82 B
ALLIANZ,2012,$62.82 B,$137.21 B,$831.35 B
ALLIANZ,2011,$43.23 B,$107.66 B,$831.25 B
ALLIANZ,2010,$53.41 B,$89.80 B,$836.76 B
ALLIANZ,2023,$98.31 B,$128.59 B,$1.094 T
ALLIANZ,2022,$86.46 B,$124.90 B,$1.290 T
ALLIANZ,2021,$95.99 B,$203.26 B,$1.303 T
ALLIANZ,2020,$101.71 B,$130.42 B,$1.132 T
ALLIANZ,2019,$101.91 B,$105.90 B,$1.026 T
ALLIANZ,2018,$84.85 B,$104.27 B,$1.082 T
ALLIANZ,2017,$100.36 B,$108.03 B,$930.38 B
ALLIANZ,2016,$75.51 B,$105.03 B,$928.23 B
ALLIANZ,2015,$81.33 B,$118.87 B,$980.00 B
ALLIANZ,2014,$75.88 B,$131.96 B,$982.62 B
ALLIANZ,2013,$81.67 B,$132.34 B,$918.82 B
ALLIANZ,2012,$62.82 B,$137.21 B,$831.35 B
ALLIANZ,2011,$43.23 B,$107.66 B,$831.25 B
ALLIANZ,2010,$53.41 B,$89.80 B,$836.76 B
ALLIANZ,2023,$98.31 B,$128.59 B,$1.094 T
ALLIANZ,2022,$86.46 B,$124.90 B,$1.290 T
ALLIANZ,2021,$95.99 B,$203.26 B,$1.303 T
ALLIANZ,2020,$101.71 B,$130.42 B,$1.132 T
ALLIANZ,2019,$101.91 B,$105.90 B,$1.026 T
ALLIANZ,2018,$84.85 B,$104.27 B,$1.082 T
ALLIANZ,2017,$100.36 B,$108.03 B,$930.38 B
ALLIANZ,2016,$75.51 B,$105.03 B,$928.23 B
ALLIANZ,2015,$81.33 B,$118.87 B,$980.00 B
ALLIANZ,2014,$75.88 B,$131.96 B,$982.62 B
ALLIANZ,2013,$81.67 B,$132.34 B,$918.82 B
ALLIANZ,2012,$62.82 B,$137.21 B,$831.35 B
ALLIANZ,2011,$43.23 B,$107.66 B,$831.25 B
ALLIANZ,2010,$53.41 B,$89.80 B,$836.76 B
APPLE,2023,$2.878 T,$383.93 B,$352.75 B
APPLE,2022,$2.066 T,$387.53 B,$351.00 B
APPLE,2021,$2.901 T,$378.32 B,$323.88 B
APPLE,2020,$2.255 T,$294.13 B,$338.51 B
APPLE,2019,$1.287 T,$267.68 B,$365.72 B
APPLE,2018,$746.07 B,$261.61 B,$375.31 B
APPLE,2017,$860.88 B,$239.17 B,$321.68 B
APPLE,2016,$608.96 B,$218.11 B,$290.47 B
APPLE,2015,$583.61 B,$234.98 B,$231.83 B
APPLE,2014,$643.12 B,$199.80 B,$207.00 B
APPLE,2013,$500.74 B,$173.99 B,$176.06 B
APPLE,2012,$499.69 B,$164.68 B,$116.37 B
APPLE,2011,$377.51 B,$127.84 B,$75.18 B
APPLE,2010,$297.09 B,$76.28 B,$53.85 B
APPLE,2009,$190.98 B,$42.05 B,$39.57 B
APPLE,2008,$75.99 B,$33.03 B,$25.34 B
APPLE,2007,$174.03 B,$26.49 B,$17.20 B
APPLE,2006,$72.98 B,$20.68 B,$11.55 B
APPLE,2005,$60.79 B,$16.19 B,$8.05 B
APPLE,2004,$26.05 B,$9.76 B,$6.81 B
APPLE,2003,$7.88 B,$6.74 B,$6.29 B
APPLE,2002,$5.16 B,$5.83 B,$6.02 B
APPLE,2001,$7.71 B,$5.73 B,$36.36 B
APPLE,2023,$2.878 T,$383.93 B,$352.75 B
APPLE,2022,$2.066 T,$387.53 B,$351.00 B
APPLE,2021,$2.901 T,$378.32 B,$323.88 B
APPLE,2020,$2.255 T,$294.13 B,$338.51 B
APPLE,2019,$1.287 T,$267.68 B,$365.72 B
APPLE,2018,$746.07 B,$261.61 B,$375.31 B
APPLE,2017,$860.88 B,$239.17 B,$321.68 B
APPLE,2016,$608.96 B,$218.11 B,$290.47 B
APPLE,2015,$583.61 B,$234.98 B,$231.83 B
APPLE,2014,$643.12 B,$199.80 B,$207.00 B
APPLE,2013,$500.74 B,$173.99 B,$176.06 B
APPLE,2012,$499.69 B,$164.68 B,$116.37 B
APPLE,2011,$377.51 B,$127.84 B,$75.18 B
APPLE,2010,$297.09 B,$76.28 B,$53.85 B
APPLE,2009,$190.98 B,$42.05 B,$39.57 B
APPLE,2008,$75.99 B,$33.03 B,$25.34 B
APPLE,2007,$174.03 B,$26.49 B,$17.20 B
APPLE,2006,$72.98 B,$20.68 B,$11.55 B
APPLE,2005,$60.79 B,$16.19 B,$8.05 B
APPLE,2004,$26.05 B,$9.76 B,$6.81 B
APPLE,2003,$7.88 B,$6.74 B,$6.29 B
APPLE,2002,$5.16 B,$5.83 B,$6.02 B
APPLE,2001,$7.71 B,$5.73 B,$36.36 B
APPLE,2023,$2.878 T,$383.93 B,$352.75 B
APPLE,2022,$2.066 T,$387.53 B,$351.00 B
APPLE,2021,$2.901 T,$378.32 B,$323.88 B
APPLE,2020,$2.255 T,$294.13 B,$338.51 B
APPLE,2019,$1.287 T,$267.68 B,$365.72 B
APPLE,2018,$746.07 B,$261.61 B,$375.31 B
APPLE,2017,$860.88 B,$239.17 B,$321.68 B
APPLE,2016,$608.96 B,$218.11 B,$290.47 B
APPLE,2015,$583.61 B,$234.98 B,$231.83 B
APPLE,2014,$643.12 B,$199.80 B,$207.00 B
APPLE,2013,$500.74 B,$173.99 B,$176.06 B
APPLE,2012,$499.69 B,$164.68 B,$116.37 B
APPLE,2011,$377.51 B,$127.84 B,$75.18 B
APPLE,2010,$297.09 B,$76.28 B,$53.85 B
APPLE,2009,$190.98 B,$42.05 B,$39.57 B
APPLE,2008,$75.99 B,$33.03 B,$25.34 B
APPLE,2007,$174.03 B,$26.49 B,$17.20 B
APPLE,2006,$72.98 B,$20.68 B,$11.55 B
APPLE,2005,$60.79 B,$16.19 B,$8.05 B
APPLE,2004,$26.05 B,$9.76 B,$6.81 B
APPLE,2003,$7.88 B,$6.74 B,$6.29 B
APPLE,2002,$5.16 B,$5.83 B,$6.02 B
APPLE,2001,$7.71 B,$5.73 B,$36.36 B
APPLE,2023,$2.878 T,$383.93 B,$352.75 B
APPLE,2022,$2.066 T,$387.53 B,$351.00 B
APPLE,2021,$2.901 T,$378.32 B,$323.88 B
APPLE,2020,$2.255 T,$294.13 B,$338.51 B
APPLE,2019,$1.287 T,$267.68 B,$365.72 B
APPLE,2018,$746.07 B,$261.61 B,$375.31 B
APPLE,2017,$860.88 B,$239.17 B,$321.68 B
APPLE,2016,$608.96 B,$218.11 B,$290.47 B
APPLE,2015,$583.61 B,$234.98 B,$231.83 B
APPLE,2014,$643.12 B,$199.80 B,$207.00 B
APPLE,2013,$500.74 B,$173.99 B,$176.06 B
APPLE,2012,$499.69 B,$164.68 B,$116.37 B
APPLE,2011,$377.51 B,$127.84 B,$75.18 B
APPLE,2010,$297.09 B,$76.28 B,$53.85 B
APPLE,2009,$190.98 B,$42.05 B,$39.57 B
APPLE,2008,$75.99 B,$33.03 B,$25.34 B
APPLE,2007,$174.03 B,$26.49 B,$17.20 B
APPLE,2006,$72.98 B,$20.68 B,$11.55 B
APPLE,2005,$60.79 B,$16.19 B,$8.05 B
APPLE,2004,$26.05 B,$9.76 B,$6.81 B
APPLE,2003,$7.88 B,$6.74 B,$6.29 B
APPLE,2002,$5.16 B,$5.83 B,$6.02 B
APPLE,2001,$7.71 B,$5.73 B,$36.36 B
APPLE,2023,$2.878 T,$383.93 B,$352.75 B
APPLE,2022,$2.066 T,$387.53 B,$351.00 B
APPLE,2021,$2.901 T,$378.32 B,$323.88 B
APPLE,2020,$2.255 T,$294.13 B,$338.51 B
APPLE,2019,$1.287 T,$267.68 B,$365.72 B
APPLE,2018,$746.07 B,$261.61 B,$375.31 B
APPLE,2017,$860.88 B,$239.17 B,$321.68 B
APPLE,2016,$608.96 B,$218.11 B,$290.47 B
APPLE,2015,$583.61 B,$234.98 B,$231.83 B
APPLE,2014,$643.12 B,$199.80 B,$207.00 B
APPLE,2013,$500.74 B,$173.99 B,$176.06 B
APPLE,2012,$499.69 B,$164.68 B,$116.37 B
APPLE,2011,$377.51 B,$127.84 B,$75.18 B
APPLE,2010,$297.09 B,$76.28 B,$53.85 B
APPLE,2009,$190.98 B,$42.05 B,$39.57 B
APPLE,2008,$75.99 B,$33.03 B,$25.34 B
APPLE,2007,$174.03 B,$26.49 B,$17.20 B
APPLE,2006,$72.98 B,$20.68 B,$11.55 B
APPLE,2005,$60.79 B,$16.19 B,$8.05 B
APPLE,2004,$26.05 B,$9.76 B,$6.81 B
APPLE,2003,$7.88 B,$6.74 B,$6.29 B
APPLE,2002,$5.16 B,$5.83 B,$6.02 B
APPLE,2001,$7.71 B,$5.73 B,$36.36 B
APPLE,2023,$2.878 T,$383.93 B,$352.75 B
APPLE,2022,$2.066 T,$387.53 B,$351.00 B
APPLE,2021,$2.901 T,$378.32 B,$323.88 B
APPLE,2020,$2.255 T,$294.13 B,$338.51 B
APPLE,2019,$1.287 T,$267.68 B,$365.72 B
APPLE,2018,$746.07 B,$261.61 B,$375.31 B
APPLE,2017,$860.88 B,$239.17 B,$321.68 B
APPLE,2016,$608.96 B,$218.11 B,$290.47 B
APPLE,2015,$583.61 B,$234.98 B,$231.83 B
APPLE,2014,$643.12 B,$199.80 B,$207.00 B
APPLE,2013,$500.74 B,$173.99 B,$176.06 B
APPLE,2012,$499.69 B,$164.68 B,$116.37 B
APPLE,2011,$377.51 B,$127.84 B,$75.18 B
APPLE,2010,$297.09 B,$76.28 B,$53.85 B
APPLE,2009,$190.98 B,$42.05 B,$39.57 B
APPLE,2008,$75.99 B,$33.03 B,$25.34 B
APPLE,2007,$174.03 B,$26.49 B,$17.20 B
APPLE,2006,$72.98 B,$20.68 B,$11.55 B
APPLE,2005,$60.79 B,$16.19 B,$8.05 B
APPLE,2004,$26.05 B,$9.76 B,$6.81 B
APPLE,2003,$7.88 B,$6.74 B,$6.29 B
APPLE,2002,$5.16 B,$5.83 B,$6.02 B
APPLE,2001,$7.71 B,$5.73 B,$36.36 B
AXA,2023,$68.41 B,$134.68 B,$746.14 B
AXA,2022,$65.35 B,$100.14 B,$878.24 B
AXA,2021,$69.85 B,$85.94 B,$989.63 B
AXA,2020,$57.25 B,$123.44 B,$874.76 B
AXA,2019,$67.13 B,$108.95 B,$1.064 T
AXA,2018,$51.41 B,$71.48 B,$1.044 T
AXA,2017,$71.13 B,$81.90 B,$939.83 B
AXA,2016,$61.28 B,-$15.81 B,$969.92 B
AXA,2023,$68.41 B,$134.68 B,$746.14 B
AXA,2022,$65.35 B,$100.14 B,$878.24 B
AXA,2021,$69.85 B,$85.94 B,$989.63 B
AXA,2020,$57.25 B,$123.44 B,$874.76 B
AXA,2019,$67.13 B,$108.95 B,$1.064 T
AXA,2018,$51.41 B,$71.48 B,$1.044 T
AXA,2017,$71.13 B,$81.90 B,$939.83 B
AXA,2016,$61.28 B,-$15.81 B,$969.92 B
AXA,2023,$68.41 B,$134.68 B,$746.14 B
AXA,2022,$65.35 B,$100.14 B,$878.24 B
AXA,2021,$69.85 B,$85.94 B,$989.63 B
AXA,2020,$57.25 B,$123.44 B,$874.76 B
AXA,2019,$67.13 B,$108.95 B,$1.064 T
AXA,2018,$51.41 B,$71.48 B,$1.044 T
AXA,2017,$71.13 B,$81.90 B,$939.83 B
AXA,2016,$61.28 B,-$15.81 B,$969.92 B
AXA,2023,$68.41 B,$134.68 B,$746.14 B
AXA,2022,$65.35 B,$100.14 B,$878.24 B
AXA,2021,$69.85 B,$85.94 B,$989.63 B
AXA,2020,$57.25 B,$123.44 B,$874.76 B
AXA,2019,$67.13 B,$108.95 B,$1.064 T
AXA,2018,$51.41 B,$71.48 B,$1.044 T
AXA,2017,$71.13 B,$81.90 B,$939.83 B
AXA,2016,$61.28 B,-$15.81 B,$969.92 B
AXA,2023,$68.41 B,$134.68 B,$746.14 B
AXA,2022,$65.35 B,$100.14 B,$878.24 B
AXA,2021,$69.85 B,$85.94 B,$989.63 B
AXA,2020,$57.25 B,$123.44 B,$874.76 B
AXA,2019,$67.13 B,$108.95 B,$1.064 T
AXA,2018,$51.41 B,$71.48 B,$1.044 T
AXA,2017,$71.13 B,$81.90 B,$939.83 B
AXA,2016,$61.28 B,-$15.81 B,$969.92 B
AXA,2023,$68.41 B,$134.68 B,$746.14 B
AXA,2022,$65.35 B,$100.14 B,$878.24 B
AXA,2021,$69.85 B,$85.94 B,$989.63 B
AXA,2020,$57.25 B,$123.44 B,$874.76 B
AXA,2019,$67.13 B,$108.95 B,$1.064 T
AXA,2018,$51.41 B,$71.48 B,$1.044 T
AXA,2017,$71.13 B,$81.90 B,$939.83 B
AXA,2016,$61.28 B,-$15.81 B,$969.92 B
BP,2023,$106.53 B,$228.98 B,$288.12 B
BP,2022,$105.70 B,$241.39 B,$287.27 B
BP,2021,$88.05 B,$157.73 B,$267.65 B
BP,2020,$70.64 B,$180.36 B,$295.19 B
BP,2019,$125.97 B,$278.39 B,$282.17 B
BP,2018,$126.50 B,$298.75 B,$276.51 B
BP,2017,$139.19 B,$240.20 B,$263.31 B
BP,2016,$121.91 B,$183.00 B,$261.83 B
BP,2015,$96.39 B,$252.05 B,$284.30 B
BP,2014,$116.64 B,$353.56 B,$305.69 B
BP,2013,$150.00 B,$379.13 B,$300.98 B
BP,2012,$131.36 B,$370.86 B,$290.92 B
BP,2011,$135.17 B,$377.08 B,$272.26 B
BP,2010,$138.37 B,$297.10 B,$235.96 B
BP,2009,$181.24 B,$245.33 B,$228.23 B
BP,2008,$145.90 B,$368.04 B,$236.07 B
BP,2007,$230.75 B,$290.16 B,$217.60 B
BP,2006,$220.14 B,$276.10 B,$206.91 B
BP,2005,$221.09 B,$289.97 B,$194.63 B
BP,2004,$209.51 B,$207.29 B,$170.66 B
BP,2003,$181.95 B,$178.72 B,$98.84 B
BP,2002,$151.61 B,$174.21 B,$97.54 B
BP,2001,$173.88 B,$121.06 B,$28.33 B
BP,2023,$106.53 B,$228.98 B,$288.12 B
BP,2022,$105.70 B,$241.39 B,$287.27 B
BP,2021,$88.05 B,$157.73 B,$267.65 B
BP,2020,$70.64 B,$180.36 B,$295.19 B
BP,2019,$125.97 B,$278.39 B,$282.17 B
BP,2018,$126.50 B,$298.75 B,$276.51 B
BP,2017,$139.19 B,$240.20 B,$263.31 B
BP,2016,$121.91 B,$183.00 B,$261.83 B
BP,2015,$96.39 B,$252.05 B,$284.30 B
BP,2014,$116.64 B,$353.56 B,$305.69 B
BP,2013,$150.00 B,$379.13 B,$300.98 B
BP,2012,$131.36 B,$370.86 B,$290.92 B
BP,2011,$135.17 B,$377.08 B,$272.26 B
BP,2010,$138.37 B,$297.10 B,$235.96 B
BP,2009,$181.24 B,$245.33 B,$228.23 B
BP,2008,$145.90 B,$368.04 B,$236.07 B
BP,2007,$230.75 B,$290.16 B,$217.60 B
BP,2006,$220.14 B,$276.10 B,$206.91 B
BP,2005,$221.09 B,$289.97 B,$194.63 B
BP,2004,$209.51 B,$207.29 B,$170.66 B
BP,2003,$181.95 B,$178.72 B,$98.84 B
BP,2002,$151.61 B,$174.21 B,$97.54 B
BP,2001,$173.88 B,$121.06 B,$28.33 B
BP,2023,$106.53 B,$228.98 B,$288.12 B
BP,2022,$105.70 B,$241.39 B,$287.27 B
BP,2021,$88.05 B,$157.73 B,$267.65 B
BP,2020,$70.64 B,$180.36 B,$295.19 B
BP,2019,$125.97 B,$278.39 B,$282.17 B
BP,2018,$126.50 B,$298.75 B,$276.51 B
BP,2017,$139.19 B,$240.20 B,$263.31 B
BP,2016,$121.91 B,$183.00 B,$261.83 B
BP,2015,$96.39 B,$252.05 B,$284.30 B
BP,2014,$116.64 B,$353.56 B,$305.69 B
BP,2013,$150.00 B,$379.13 B,$300.98 B
BP,2012,$131.36 B,$370.86 B,$290.92 B
BP,2011,$135.17 B,$377.08 B,$272.26 B
BP,2010,$138.37 B,$297.10 B,$235.96 B
BP,2009,$181.24 B,$245.33 B,$228.23 B
BP,2008,$145.90 B,$368.04 B,$236.07 B
BP,2007,$230.75 B,$290.16 B,$217.60 B
BP,2006,$220.14 B,$276.10 B,$206.91 B
BP,2005,$221.09 B,$289.97 B,$194.63 B
BP,2004,$209.51 B,$207.29 B,$170.66 B
BP,2003,$181.95 B,$178.72 B,$98.84 B
BP,2002,$151.61 B,$174.21 B,$97.54 B
BP,2001,$173.88 B,$121.06 B,$28.33 B
BP,2023,$106.53 B,$228.98 B,$288.12 B
BP,2022,$105.70 B,$241.39 B,$287.27 B
BP,2021,$88.05 B,$157.73 B,$267.65 B
BP,2020,$70.64 B,$180.36 B,$295.19 B
BP,2019,$125.97 B,$278.39 B,$282.17 B
BP,2018,$126.50 B,$298.75 B,$276.51 B
BP,2017,$139.19 B,$240.20 B,$263.31 B
BP,2016,$121.91 B,$183.00 B,$261.83 B
BP,2015,$96.39 B,$252.05 B,$284.30 B
BP,2014,$116.64 B,$353.56 B,$305.69 B
BP,2013,$150.00 B,$379.13 B,$300.98 B
BP,2012,$131.36 B,$370.86 B,$290.92 B
BP,2011,$135.17 B,$377.08 B,$272.26 B
BP,2010,$138.37 B,$297.10 B,$235.96 B
BP,2009,$181.24 B,$245.33 B,$228.23 B
BP,2008,$145.90 B,$368.04 B,$236.07 B
BP,2007,$230.75 B,$290.16 B,$217.60 B
BP,2006,$220.14 B,$276.10 B,$206.91 B
BP,2005,$221.09 B,$289.97 B,$194.63 B
BP,2004,$209.51 B,$207.29 B,$170.66 B
BP,2003,$181.95 B,$178.72 B,$98.84 B
BP,2002,$151.61 B,$174.21 B,$97.54 B
BP,2001,$173.88 B,$121.06 B,$28.33 B
BP,2023,$106.53 B,$228.98 B,$288.12 B
BP,2022,$105.70 B,$241.39 B,$287.27 B
BP,2021,$88.05 B,$157.73 B,$267.65 B
BP,2020,$70.64 B,$180.36 B,$295.19 B
BP,2019,$125.97 B,$278.39 B,$282.17 B
BP,2018,$126.50 B,$298.75 B,$276.51 B
BP,2017,$139.19 B,$240.20 B,$263.31 B
BP,2016,$121.91 B,$183.00 B,$261.83 B
BP,2015,$96.39 B,$252.05 B,$284.30 B
BP,2014,$116.64 B,$353.56 B,$305.69 B
BP,2013,$150.00 B,$379.13 B,$300.98 B
BP,2012,$131.36 B,$370.86 B,$290.92 B
BP,2011,$135.17 B,$377.08 B,$272.26 B
BP,2010,$138.37 B,$297.10 B,$235.96 B
BP,2009,$181.24 B,$245.33 B,$228.23 B
BP,2008,$145.90 B,$368.04 B,$236.07 B
BP,2007,$230.75 B,$290.16 B,$217.60 B
BP,2006,$220.14 B,$276.10 B,$206.91 B
BP,2005,$221.09 B,$289.97 B,$194.63 B
BP,2004,$209.51 B,$207.29 B,$170.66 B
BP,2003,$181.95 B,$178.72 B,$98.84 B
BP,2002,$151.61 B,$174.21 B,$97.54 B
BP,2001,$173.88 B,$121.06 B,$28.33 B
BP,2023,$106.53 B,$228.98 B,$288.12 B
BP,2022,$105.70 B,$241.39 B,$287.27 B
BP,2021,$88.05 B,$157.73 B,$267.65 B
BP,2020,$70.64 B,$180.36 B,$295.19 B
BP,2019,$125.97 B,$278.39 B,$282.17 B
BP,2018,$126.50 B,$298.75 B,$276.51 B
BP,2017,$139.19 B,$240.20 B,$263.31 B
BP,2016,$121.91 B,$183.00 B,$261.83 B
BP,2015,$96.39 B,$252.05 B,$284.30 B
BP,2014,$116.64 B,$353.56 B,$305.69 B
BP,2013,$150.00 B,$379.13 B,$300.98 B
BP,2012,$131.36 B,$370.86 B,$290.92 B
BP,2011,$135.17 B,$377.08 B,$272.26 B
BP,2010,$138.37 B,$297.10 B,$235.96 B
BP,2009,$181.24 B,$245.33 B,$228.23 B
BP,2008,$145.90 B,$368.04 B,$236.07 B
BP,2007,$230.75 B,$290.16 B,$217.60 B
BP,2006,$220.14 B,$276.10 B,$206.91 B
BP,2005,$221.09 B,$289.97 B,$194.63 B
BP,2004,$209.51 B,$207.29 B,$170.66 B
BP,2003,$181.95 B,$178.72 B,$98.84 B
BP,2002,$151.61 B,$174.21 B,$97.54 B
BP,2001,$173.88 B,$121.06 B,$28.33 B
DEUTSCHE TELEKOM,2023,$105.67 B,$119.09 B,$319.78 B
DEUTSCHE TELEKOM,2022,$98.88 B,$120.21 B,$318.94 B
DEUTSCHE TELEKOM,2021,$92.04 B,$126.21 B,$325.84 B
DEUTSCHE TELEKOM,2020,$87.25 B,$117.05 B,$191.19 B
DEUTSCHE TELEKOM,2019,$77.41 B,$89.87 B,$166.30 B
DEUTSCHE TELEKOM,2018,$80.72 B,$88.52 B,$169.67 B
DEUTSCHE TELEKOM,2017,$82.27 B,$86.09 B,$156.30 B
DEUTSCHE TELEKOM,2016,$80.52 B,$80.69 B,$157.36 B
DEUTSCHE TELEKOM,2015,$83.68 B,$76.57 B,$157.32 B
DEUTSCHE TELEKOM,2014,$72.75 B,$81.64 B,$163.16 B
DEUTSCHE TELEKOM,2013,$76.32 B,$79.96 B,$142.78 B
DEUTSCHE TELEKOM,2012,$49.10 B,$75.69 B,$158.81 B
DEUTSCHE TELEKOM,2011,$49.40 B,$79.62 B,$170.00 B
DEUTSCHE TELEKOM,2010,$55.49 B,$87.58 B,$46.77 B
DEUTSCHE TELEKOM,2009,$64.29 B,$90.90 B,$172.55 B
DEUTSCHE TELEKOM,2008,$65.54 B,$91.99 B,$176.46 B
DEUTSCHE TELEKOM,2007,$95.64 B,$87.42 B,$172.05 B
DEUTSCHE TELEKOM,2006,$79.66 B,$78.10 B,$151.00 B
DEUTSCHE TELEKOM,2005,$69.99 B,$72.74 B,$146.14 B
DEUTSCHE TELEKOM,2004,$94.74 B,$73.03 B,$145.88 B
DEUTSCHE TELEKOM,2003,$76.63 B,$66.06 B,$136.60 B
DEUTSCHE TELEKOM,2002,$55.74 B,$58.43 B,$178.81 B
DEUTSCHE TELEKOM,2001,$87.82 B,$49.76 B,$118.42 B
DEUTSCHE TELEKOM,2023,$105.67 B,$119.09 B,$319.78 B
DEUTSCHE TELEKOM,2022,$98.88 B,$120.21 B,$318.94 B
DEUTSCHE TELEKOM,2021,$92.04 B,$126.21 B,$325.84 B
DEUTSCHE TELEKOM,2020,$87.25 B,$117.05 B,$191.19 B
DEUTSCHE TELEKOM,2019,$77.41 B,$89.87 B,$166.30 B
DEUTSCHE TELEKOM,2018,$80.72 B,$88.52 B,$169.67 B
DEUTSCHE TELEKOM,2017,$82.27 B,$86.09 B,$156.30 B
DEUTSCHE TELEKOM,2016,$80.52 B,$80.69 B,$157.36 B
DEUTSCHE TELEKOM,2015,$83.68 B,$76.57 B,$157.32 B
DEUTSCHE TELEKOM,2014,$72.75 B,$81.64 B,$163.16 B
DEUTSCHE TELEKOM,2013,$76.32 B,$79.96 B,$142.78 B
DEUTSCHE TELEKOM,2012,$49.10 B,$75.69 B,$158.81 B
DEUTSCHE TELEKOM,2011,$49.40 B,$79.62 B,$170.00 B
DEUTSCHE TELEKOM,2010,$55.49 B,$87.58 B,$46.77 B
DEUTSCHE TELEKOM,2009,$64.29 B,$90.90 B,$172.55 B
DEUTSCHE TELEKOM,2008,$65.54 B,$91.99 B,$176.46 B
DEUTSCHE TELEKOM,2007,$95.64 B,$87.42 B,$172.05 B
DEUTSCHE TELEKOM,2006,$79.66 B,$78.10 B,$151.00 B
DEUTSCHE TELEKOM,2005,$69.99 B,$72.74 B,$146.14 B
DEUTSCHE TELEKOM,2004,$94.74 B,$73.03 B,$145.88 B
DEUTSCHE TELEKOM,2003,$76.63 B,$66.06 B,$136.60 B
DEUTSCHE TELEKOM,2002,$55.74 B,$58.43 B,$178.81 B
DEUTSCHE TELEKOM,2001,$87.82 B,$49.76 B,$118.42 B
PFIZER,2023,$204.10 B,$77.94 B,$197.20 B
PFIZER,2022,$287.62 B,$100.33 B,$181.47 B
PFIZER,2021,$331.43 B,$81.49 B,$154.22 B
PFIZER,2020,$204.60 B,$47.64 B,$167.48 B
PFIZER,2019,$216.82 B,$51.75 B,$159.42 B
PFIZER,2018,$249.54 B,$53.64 B,$171.79 B
PFIZER,2017,$215.89 B,$52.54 B,$171.61 B
PFIZER,2016,$197.10 B,$52.82 B,$167.46 B
PFIZER,2015,$199.32 B,$48.85 B,$169.27 B
PFIZER,2014,$195.96 B,$49.60 B,$172.10 B
PFIZER,2013,$196.00 B,$52.67 B,$185.79 B
PFIZER,2012,$182.47 B,$59.50 B,$188.00 B
PFIZER,2011,$166.34 B,$67.42 B,$195.01 B
PFIZER,2010,$140.29 B,$67.80 B,$212.94 B
PFIZER,2009,$146.79 B,$50.00 B,$111.14 B
PFIZER,2008,$119.41 B,$48.29 B,$115.26 B
PFIZER,2007,$153.67 B,$48.41 B,$114.83 B
PFIZER,2006,$184.51 B,$49.28 B,$117.56 B
PFIZER,2005,$171.65 B,$51.29 B,$123.68 B
PFIZER,2004,$200.94 B,$52.51 B,$116.77 B
PFIZER,2003,$269.53 B,$45.18 B,$46.35 B
PFIZER,2002,$188.37 B,$32.37 B,$39.15 B
PFIZER,2001,$250.13 B,$32.25 B,$90.26 B
PFIZER,AmgenAMGN,$138.88 B,$29.51 B,$107.79 B
PFIZER,MerckMRK,$279.10 B,$26.58 B,$93.48 B
PFIZER,Bristol-Myers SquibbBMY,$131.29 B,$58.31 B,$96.54 B
PFIZER,AstraZenecaAZN,$214.31 B,$45.18 B,$75.00 B
PFIZER,2023,$204.10 B,$77.94 B,$197.20 B
PFIZER,2022,$287.62 B,$100.33 B,$181.47 B
PFIZER,2021,$331.43 B,$81.49 B,$154.22 B
PFIZER,2020,$204.60 B,$47.64 B,$167.48 B
PFIZER,2019,$216.82 B,$51.75 B,$159.42 B
PFIZER,2018,$249.54 B,$53.64 B,$171.79 B
PFIZER,2017,$215.89 B,$52.54 B,$171.61 B
PFIZER,2016,$197.10 B,$52.82 B,$167.46 B
PFIZER,2015,$199.32 B,$48.85 B,$169.27 B
PFIZER,2014,$195.96 B,$49.60 B,$172.10 B
PFIZER,2013,$196.00 B,$52.67 B,$185.79 B
PFIZER,2012,$182.47 B,$59.50 B,$188.00 B
PFIZER,2011,$166.34 B,$67.42 B,$195.01 B
PFIZER,2010,$140.29 B,$67.80 B,$212.94 B
PFIZER,2009,$146.79 B,$50.00 B,$111.14 B
PFIZER,2008,$119.41 B,$48.29 B,$115.26 B
PFIZER,2007,$153.67 B,$48.41 B,$114.83 B
PFIZER,2006,$184.51 B,$49.28 B,$117.56 B
PFIZER,2005,$171.65 B,$51.29 B,$123.68 B
PFIZER,2004,$200.94 B,$52.51 B,$116.77 B
PFIZER,2003,$269.53 B,$45.18 B,$46.35 B
PFIZER,2002,$188.37 B,$32.37 B,$39.15 B
PFIZER,2001,$250.13 B,$32.25 B,$90.26 B
PFIZER,AmgenAMGN,$138.88 B,$29.51 B,$107.79 B
PFIZER,MerckMRK,$279.10 B,$26.58 B,$93.48 B
PFIZER,Bristol-Myers SquibbBMY,$131.29 B,$58.31 B,$96.54 B
PFIZER,AstraZenecaAZN,$214.31 B,$45.18 B,$75.00 B
PFIZER,2023,$204.10 B,$77.94 B,$197.20 B
PFIZER,2022,$287.62 B,$100.33 B,$181.47 B
PFIZER,2021,$331.43 B,$81.49 B,$154.22 B
PFIZER,2020,$204.60 B,$47.64 B,$167.48 B
PFIZER,2019,$216.82 B,$51.75 B,$159.42 B
PFIZER,2018,$249.54 B,$53.64 B,$171.79 B
PFIZER,2017,$215.89 B,$52.54 B,$171.61 B
PFIZER,2016,$197.10 B,$52.82 B,$167.46 B
PFIZER,2015,$199.32 B,$48.85 B,$169.27 B
PFIZER,2014,$195.96 B,$49.60 B,$172.10 B
PFIZER,2013,$196.00 B,$52.67 B,$185.79 B
PFIZER,2012,$182.47 B,$59.50 B,$188.00 B
PFIZER,2011,$166.34 B,$67.42 B,$195.01 B
PFIZER,2010,$140.29 B,$67.80 B,$212.94 B
PFIZER,2009,$146.79 B,$50.00 B,$111.14 B
PFIZER,2008,$119.41 B,$48.29 B,$115.26 B
PFIZER,2007,$153.67 B,$48.41 B,$114.83 B
PFIZER,2006,$184.51 B,$49.28 B,$117.56 B
PFIZER,2005,$171.65 B,$51.29 B,$123.68 B
PFIZER,2004,$200.94 B,$52.51 B,$116.77 B
PFIZER,2003,$269.53 B,$45.18 B,$46.35 B
PFIZER,2002,$188.37 B,$32.37 B,$39.15 B
PFIZER,2001,$250.13 B,$32.25 B,$90.26 B
PFIZER,AmgenAMGN,$138.88 B,$29.51 B,$107.79 B
PFIZER,MerckMRK,$279.10 B,$26.58 B,$93.48 B
PFIZER,Bristol-Myers SquibbBMY,$131.29 B,$58.31 B,$96.54 B
PFIZER,AstraZenecaAZN,$214.31 B,$45.18 B,$75.00 B
PFIZER,2023,$204.10 B,$77.94 B,$197.20 B
PFIZER,2022,$287.62 B,$100.33 B,$181.47 B
PFIZER,2021,$331.43 B,$81.49 B,$154.22 B
PFIZER,2020,$204.60 B,$47.64 B,$167.48 B
PFIZER,2019,$216.82 B,$51.75 B,$159.42 B
PFIZER,2018,$249.54 B,$53.64 B,$171.79 B
PFIZER,2017,$215.89 B,$52.54 B,$171.61 B
PFIZER,2016,$197.10 B,$52.82 B,$167.46 B
PFIZER,2015,$199.32 B,$48.85 B,$169.27 B
PFIZER,2014,$195.96 B,$49.60 B,$172.10 B
PFIZER,2013,$196.00 B,$52.67 B,$185.79 B
PFIZER,2012,$182.47 B,$59.50 B,$188.00 B
PFIZER,2011,$166.34 B,$67.42 B,$195.01 B
PFIZER,2010,$140.29 B,$67.80 B,$212.94 B
PFIZER,2009,$146.79 B,$50.00 B,$111.14 B
PFIZER,2008,$119.41 B,$48.29 B,$115.26 B
PFIZER,2007,$153.67 B,$48.41 B,$114.83 B
PFIZER,2006,$184.51 B,$49.28 B,$117.56 B
PFIZER,2005,$171.65 B,$51.29 B,$123.68 B
PFIZER,2004,$200.94 B,$52.51 B,$116.77 B
PFIZER,2003,$269.53 B,$45.18 B,$46.35 B
PFIZER,2002,$188.37 B,$32.37 B,$39.15 B
PFIZER,2001,$250.13 B,$32.25 B,$90.26 B
PFIZER,AmgenAMGN,$138.88 B,$29.51 B,$107.79 B
PFIZER,MerckMRK,$279.10 B,$26.58 B,$93.48 B
PFIZER,Bristol-Myers SquibbBMY,$131.29 B,$58.31 B,$96.54 B
PFIZER,AstraZenecaAZN,$214.31 B,$45.18 B,$75.00 B
PFIZER,2023,$204.10 B,$77.94 B,$197.20 B
PFIZER,2022,$287.62 B,$100.33 B,$181.47 B
PFIZER,2021,$331.43 B,$81.49 B,$154.22 B
PFIZER,2020,$204.60 B,$47.64 B,$167.48 B
PFIZER,2019,$216.82 B,$51.75 B,$159.42 B
PFIZER,2018,$249.54 B,$53.64 B,$171.79 B
PFIZER,2017,$215.89 B,$52.54 B,$171.61 B
PFIZER,2016,$197.10 B,$52.82 B,$167.46 B
PFIZER,2015,$199.32 B,$48.85 B,$169.27 B
PFIZER,2014,$195.96 B,$49.60 B,$172.10 B
PFIZER,2013,$196.00 B,$52.67 B,$185.79 B
PFIZER,2012,$182.47 B,$59.50 B,$188.00 B
PFIZER,2011,$166.34 B,$67.42 B,$195.01 B
PFIZER,2010,$140.29 B,$67.80 B,$212.94 B
PFIZER,2009,$146.79 B,$50.00 B,$111.14 B
PFIZER,2008,$119.41 B,$48.29 B,$115.26 B
PFIZER,2007,$153.67 B,$48.41 B,$114.83 B
PFIZER,2006,$184.51 B,$49.28 B,$117.56 B
PFIZER,2005,$171.65 B,$51.29 B,$123.68 B
PFIZER,2004,$200.94 B,$52.51 B,$116.77 B
PFIZER,2003,$269.53 B,$45.18 B,$46.35 B
PFIZER,2002,$188.37 B,$32.37 B,$39.15 B
PFIZER,2001,$250.13 B,$32.25 B,$90.26 B
PFIZER,AmgenAMGN,$138.88 B,$29.51 B,$107.79 B
PFIZER,MerckMRK,$279.10 B,$26.58 B,$93.48 B
PFIZER,Bristol-Myers SquibbBMY,$131.29 B,$58.31 B,$96.54 B
PFIZER,AstraZenecaAZN,$214.31 B,$45.18 B,$75.00 B
PFIZER,2023,$204.10 B,$77.94 B,$197.20 B
PFIZER,2022,$287.62 B,$100.33 B,$181.47 B
PFIZER,2021,$331.43 B,$81.49 B,$154.22 B
PFIZER,2020,$204.60 B,$47.64 B,$167.48 B
PFIZER,2019,$216.82 B,$51.75 B,$159.42 B
PFIZER,2018,$249.54 B,$53.64 B,$171.79 B
PFIZER,2017,$215.89 B,$52.54 B,$171.61 B
PFIZER,2016,$197.10 B,$52.82 B,$167.46 B
PFIZER,2015,$199.32 B,$48.85 B,$169.27 B
PFIZER,2014,$195.96 B,$49.60 B,$172.10 B
PFIZER,2013,$196.00 B,$52.67 B,$185.79 B
PFIZER,2012,$182.47 B,$59.50 B,$188.00 B
PFIZER,2011,$166.34 B,$67.42 B,$195.01 B
PFIZER,2010,$140.29 B,$67.80 B,$212.94 B
PFIZER,2009,$146.79 B,$50.00 B,$111.14 B
PFIZER,2008,$119.41 B,$48.29 B,$115.26 B
PFIZER,2007,$153.67 B,$48.41 B,$114.83 B
PFIZER,2006,$184.51 B,$49.28 B,$117.56 B
PFIZER,2005,$171.65 B,$51.29 B,$123.68 B
PFIZER,2004,$200.94 B,$52.51 B,$116.77 B
PFIZER,2003,$269.53 B,$45.18 B,$46.35 B
PFIZER,2002,$188.37 B,$32.37 B,$39.15 B
PFIZER,2001,$250.13 B,$32.25 B,$90.26 B
PFIZER,AmgenAMGN,$138.88 B,$29.51 B,$107.79 B
PFIZER,MerckMRK,$279.10 B,$26.58 B,$93.48 B
PFIZER,Bristol-Myers SquibbBMY,$131.29 B,$58.31 B,$96.54 B
PFIZER,AstraZenecaAZN,$214.31 B,$45.18 B,$75.00 B
Reliance Industries,2023,$198.30 B,$105.70 B,$208.70 B
Reliance Industries,2022,$208.29 B,$109.62 B,$197.77 B
Reliance Industries,2021,$215.27 B,$86.61 B,$179.89 B
Reliance Industries,2020,$183.56 B,$60.98 B,$154.63 B
Reliance Industries,2019,$134.59 B,$85.25 B,$144.37 B
Reliance Industries,2018,$101.64 B,$78.90 B,$125.38 B
Reliance Industries,2017,$91.05 B,$55.62 B,$109.09 B
Reliance Industries,2016,$46.97 B,$41.72 B,$91.34 B
Reliance Industries,2015,$49.44 B,$43.92 B,$80.70 B
Reliance Industries,2014,$45.48 B,$67.30 B,$71.66 B
Reliance Industries,2023,$198.30 B,$105.70 B,$208.70 B
Reliance Industries,2022,$208.29 B,$109.62 B,$197.77 B
Reliance Industries,2021,$215.27 B,$86.61 B,$179.89 B
Reliance Industries,2020,$183.56 B,$60.98 B,$154.63 B
Reliance Industries,2019,$134.59 B,$85.25 B,$144.37 B
Reliance Industries,2018,$101.64 B,$78.90 B,$125.38 B
Reliance Industries,2017,$91.05 B,$55.62 B,$109.09 B
Reliance Industries,2016,$46.97 B,$41.72 B,$91.34 B
Reliance Industries,2015,$49.44 B,$43.92 B,$80.70 B
Reliance Industries,2014,$45.48 B,$67.30 B,$71.66 B
Reliance Industries,2023,$198.30 B,$105.70 B,$208.70 B
Reliance Industries,2022,$208.29 B,$109.62 B,$197.77 B
Reliance Industries,2021,$215.27 B,$86.61 B,$179.89 B
Reliance Industries,2020,$183.56 B,$60.98 B,$154.63 B
Reliance Industries,2019,$134.59 B,$85.25 B,$144.37 B
Reliance Industries,2018,$101.64 B,$78.90 B,$125.38 B
Reliance Industries,2017,$91.05 B,$55.62 B,$109.09 B
Reliance Industries,2016,$46.97 B,$41.72 B,$91.34 B
Reliance Industries,2015,$49.44 B,$43.92 B,$80.70 B
Reliance Industries,2014,$45.48 B,$67.30 B,$71.66 B
Reliance Industries,2023,$198.30 B,$105.70 B,$208.70 B
Reliance Industries,2022,$208.29 B,$109.62 B,$197.77 B
Reliance Industries,2021,$215.27 B,$86.61 B,$179.89 B
Reliance Industries,2020,$183.56 B,$60.98 B,$154.63 B
Reliance Industries,2019,$134.59 B,$85.25 B,$144.37 B
Reliance Industries,2018,$101.64 B,$78.90 B,$125.38 B
Reliance Industries,2017,$91.05 B,$55.62 B,$109.09 B
Reliance Industries,2016,$46.97 B,$41.72 B,$91.34 B
Reliance Industries,2015,$49.44 B,$43.92 B,$80.70 B
Reliance Industries,2014,$45.48 B,$67.30 B,$71.66 B
Reliance Industries,2023,$198.30 B,$105.70 B,$208.70 B
Reliance Industries,2022,$208.29 B,$109.62 B,$197.77 B
Reliance Industries,2021,$215.27 B,$86.61 B,$179.89 B
Reliance Industries,2020,$183.56 B,$60.98 B,$154.63 B
Reliance Industries,2019,$134.59 B,$85.25 B,$144.37 B
Reliance Industries,2018,$101.64 B,$78.90 B,$125.38 B
Reliance Industries,2017,$91.05 B,$55.62 B,$109.09 B
Reliance Industries,2016,$46.97 B,$41.72 B,$91.34 B
Reliance Industries,2015,$49.44 B,$43.92 B,$80.70 B
Reliance Industries,2014,$45.48 B,$67.30 B,$71.66 B
Reliance Industries,2023,$198.30 B,$105.70 B,$208.70 B
Reliance Industries,2022,$208.29 B,$109.62 B,$197.77 B
Reliance Industries,2021,$215.27 B,$86.61 B,$179.89 B
Reliance Industries,2020,$183.56 B,$60.98 B,$154.63 B
Reliance Industries,2019,$134.59 B,$85.25 B,$144.37 B
Reliance Industries,2018,$101.64 B,$78.90 B,$125.38 B
Reliance Industries,2017,$91.05 B,$55.62 B,$109.09 B
Reliance Industries,2016,$46.97 B,$41.72 B,$91.34 B
Reliance Industries,2015,$49.44 B,$43.92 B,$80.70 B
Reliance Industries,2014,$45.48 B,$67.30 B,$71.66 B
Reliance Industries,2023,$198.30 B,$105.70 B,$208.70 B
Reliance Industries,2022,$208.29 B,$109.62 B,$197.77 B
Reliance Industries,2021,$215.27 B,$86.61 B,$179.89 B
Reliance Industries,2020,$183.56 B,$60.98 B,$154.63 B
Reliance Industries,2019,$134.59 B,$85.25 B,$144.37 B
Reliance Industries,2018,$101.64 B,$78.90 B,$125.38 B
Reliance Industries,2017,$91.05 B,$55.62 B,$109.09 B
Reliance Industries,2016,$46.97 B,$41.72 B,$91.34 B
Reliance Industries,2015,$49.44 B,$43.92 B,$80.70 B
Reliance Industries,2014,$45.48 B,$67.30 B,$71.66 B
ENI,2023,$51.66 B,$121.06 B,$162.96 B
ENI,2022,$50.48 B,$138.96 B,$156.01 B
ENI,2021,$48.97 B,$88.75 B,$134.86 B
ENI,2020,$37.26 B,$50.90 B,$138.28 B
ENI,2019,$55.40 B,$78.18 B,$135.41 B
ENI,2018,$56.63 B,$89.05 B,$137.97 B
ENI,2017,$59.87 B,$76.76 B,$131.10 B
ENI,2016,$59.43 B,$60.29 B,$147.12 B
ENI,2015,$54.83 B,$87.02 B,$103.64 B
ENI,2014,$64.12 B,$143.87 B,$190.70 B
ENI,2013,$87.49 B,$152.56 B,$184.71 B
ENI,2012,$88.14 B,$167.89 B,$185.25 B
ENI,2011,$75.12 B,$145.79 B,$175.29 B
ENI,2010,$78.72 B,$131.60 B,$168.38 B
ENI,2009,$92.38 B,$136.99 B,$162.99 B
ENI,2008,$86.61 B,$162.99 B,$148.37 B
ENI,2007,$132.43 B,$123.31 B,$116.73 B
ENI,2006,$123.80 B,$111.47 B,$99.00 B
ENI,2005,$103.96 B,$90.71 B,$93.68 B
ENI,2004,$100.78 B,$75.29 B,$84.62 B
ENI,2003,$76.03 B,$62.77 B,$71.44 B
ENI,2002,$62.82 B,$55.01 B,$68.16 B
ENI,2001,$49.58 B,$56.31 B,$251.77 B
ENI,2023,$51.66 B,$121.06 B,$162.96 B
ENI,2022,$50.48 B,$138.96 B,$156.01 B
ENI,2021,$48.97 B,$88.75 B,$134.86 B
ENI,2020,$37.26 B,$50.90 B,$138.28 B
ENI,2019,$55.40 B,$78.18 B,$135.41 B
ENI,2018,$56.63 B,$89.05 B,$137.97 B
ENI,2017,$59.87 B,$76.76 B,$131.10 B
ENI,2016,$59.43 B,$60.29 B,$147.12 B
ENI,2015,$54.83 B,$87.02 B,$103.64 B
ENI,2014,$64.12 B,$143.87 B,$190.70 B
ENI,2013,$87.49 B,$152.56 B,$184.71 B
ENI,2012,$88.14 B,$167.89 B,$185.25 B
ENI,2011,$75.12 B,$145.79 B,$175.29 B
ENI,2010,$78.72 B,$131.60 B,$168.38 B
ENI,2009,$92.38 B,$136.99 B,$162.99 B
ENI,2008,$86.61 B,$162.99 B,$148.37 B
ENI,2007,$132.43 B,$123.31 B,$116.73 B
ENI,2006,$123.80 B,$111.47 B,$99.00 B
ENI,2005,$103.96 B,$90.71 B,$93.68 B
ENI,2004,$100.78 B,$75.29 B,$84.62 B
ENI,2003,$76.03 B,$62.77 B,$71.44 B
ENI,2002,$62.82 B,$55.01 B,$68.16 B
ENI,2001,$49.58 B,$56.31 B,$251.77 B
ENI,2023,$51.66 B,$121.06 B,$162.96 B
ENI,2022,$50.48 B,$138.96 B,$156.01 B
ENI,2021,$48.97 B,$88.75 B,$134.86 B
ENI,2020,$37.26 B,$50.90 B,$138.28 B
ENI,2019,$55.40 B,$78.18 B,$135.41 B
ENI,2018,$56.63 B,$89.05 B,$137.97 B
ENI,2017,$59.87 B,$76.76 B,$131.10 B
ENI,2016,$59.43 B,$60.29 B,$147.12 B
ENI,2015,$54.83 B,$87.02 B,$103.64 B
ENI,2014,$64.12 B,$143.87 B,$190.70 B
ENI,2013,$87.49 B,$152.56 B,$184.71 B
ENI,2012,$88.14 B,$167.89 B,$185.25 B
ENI,2011,$75.12 B,$145.79 B,$175.29 B
ENI,2010,$78.72 B,$131.60 B,$168.38 B
ENI,2009,$92.38 B,$136.99 B,$162.99 B
ENI,2008,$86.61 B,$162.99 B,$148.37 B
ENI,2007,$132.43 B,$123.31 B,$116.73 B
ENI,2006,$123.80 B,$111.47 B,$99.00 B
ENI,2005,$103.96 B,$90.71 B,$93.68 B
ENI,2004,$100.78 B,$75.29 B,$84.62 B
ENI,2003,$76.03 B,$62.77 B,$71.44 B
ENI,2002,$62.82 B,$55.01 B,$68.16 B
ENI,2001,$49.58 B,$56.31 B,$251.77 B
ENI,2023,$51.66 B,$121.06 B,$162.96 B
ENI,2022,$50.48 B,$138.96 B,$156.01 B
ENI,2021,$48.97 B,$88.75 B,$134.86 B
ENI,2020,$37.26 B,$50.90 B,$138.28 B
ENI,2019,$55.40 B,$78.18 B,$135.41 B
ENI,2018,$56.63 B,$89.05 B,$137.97 B
ENI,2017,$59.87 B,$76.76 B,$131.10 B
ENI,2016,$59.43 B,$60.29 B,$147.12 B
ENI,2015,$54.83 B,$87.02 B,$103.64 B
ENI,2014,$64.12 B,$143.87 B,$190.70 B
ENI,2013,$87.49 B,$152.56 B,$184.71 B
ENI,2012,$88.14 B,$167.89 B,$185.25 B
ENI,2011,$75.12 B,$145.79 B,$175.29 B
ENI,2010,$78.72 B,$131.60 B,$168.38 B
ENI,2009,$92.38 B,$136.99 B,$162.99 B
ENI,2008,$86.61 B,$162.99 B,$148.37 B
ENI,2007,$132.43 B,$123.31 B,$116.73 B
ENI,2006,$123.80 B,$111.47 B,$99.00 B
ENI,2005,$103.96 B,$90.71 B,$93.68 B
ENI,2004,$100.78 B,$75.29 B,$84.62 B
ENI,2003,$76.03 B,$62.77 B,$71.44 B
ENI,2002,$62.82 B,$55.01 B,$68.16 B
ENI,2001,$49.58 B,$56.31 B,$251.77 B
Puma,2023,$10.02 B,$9.35 B,$7.25 B
Puma,2022,$9.05 B,$8.89 B,$6.48 B
Puma,2021,$18.23 B,$7.91 B,$5.76 B
Puma,2020,$16.98 B,$6.09 B,$4.90 B
Puma,2019,$11.45 B,$6.14 B,$3.66 B
Puma,2018,$7.18 B,$5.46 B,$3.42 B
Puma,2017,$6.51 B,$4.75 B,$2.91 B
Puma,2016,$3.93 B,$4.00 B,$2.86 B
Puma,2015,$3.25 B,$3.74 B,$3.10 B
Puma,2014,$3.14 B,$3.87 B,$3.18 B
Puma,2013,$4.84 B,$3.96 B,$3.34 B
Puma,2012,$4.43 B,$4.25 B,$3.34 B
Puma,2011,$4.35 B,$4.14 B,$3.14 B
Puma,2010,$4.94 B,$3.57 B,$2.88 B
Puma,2009,$5.00 B,$3.45 B,$2.65 B
Puma,2023,$10.02 B,$9.35 B,$7.25 B
Puma,2022,$9.05 B,$8.89 B,$6.48 B
Puma,2021,$18.23 B,$7.91 B,$5.76 B
Puma,2020,$16.98 B,$6.09 B,$4.90 B
Puma,2019,$11.45 B,$6.14 B,$3.66 B
Puma,2018,$7.18 B,$5.46 B,$3.42 B
Puma,2017,$6.51 B,$4.75 B,$2.91 B
Puma,2016,$3.93 B,$4.00 B,$2.86 B
Puma,2015,$3.25 B,$3.74 B,$3.10 B
Puma,2014,$3.14 B,$3.87 B,$3.18 B
Puma,2013,$4.84 B,$3.96 B,$3.34 B
Puma,2012,$4.43 B,$4.25 B,$3.34 B
Puma,2011,$4.35 B,$4.14 B,$3.14 B
Puma,2010,$4.94 B,$3.57 B,$2.88 B
Puma,2009,$5.00 B,$3.45 B,$2.65 B
Puma,2023,$10.02 B,$9.35 B,$7.25 B
Puma,2022,$9.05 B,$8.89 B,$6.48 B
Puma,2021,$18.23 B,$7.91 B,$5.76 B
Puma,2020,$16.98 B,$6.09 B,$4.90 B
Puma,2019,$11.45 B,$6.14 B,$3.66 B
Puma,2018,$7.18 B,$5.46 B,$3.42 B
Puma,2017,$6.51 B,$4.75 B,$2.91 B
Puma,2016,$3.93 B,$4.00 B,$2.86 B
Puma,2015,$3.25 B,$3.74 B,$3.10 B
Puma,2014,$3.14 B,$3.87 B,$3.18 B
Puma,2013,$4.84 B,$3.96 B,$3.34 B
Puma,2012,$4.43 B,$4.25 B,$3.34 B
Puma,2011,$4.35 B,$4.14 B,$3.14 B
Puma,2010,$4.94 B,$3.57 B,$2.88 B
Puma,2009,$5.00 B,$3.45 B,$2.65 B
Puma,2023,$10.02 B,$9.35 B,$7.25 B
Puma,2022,$9.05 B,$8.89 B,$6.48 B
Puma,2021,$18.23 B,$7.91 B,$5.76 B
Puma,2020,$16.98 B,$6.09 B,$4.90 B
Puma,2019,$11.45 B,$6.14 B,$3.66 B
Puma,2018,$7.18 B,$5.46 B,$3.42 B
Puma,2017,$6.51 B,$4.75 B,$2.91 B
Puma,2016,$3.93 B,$4.00 B,$2.86 B
Puma,2015,$3.25 B,$3.74 B,$3.10 B
Puma,2014,$3.14 B,$3.87 B,$3.18 B
Puma,2013,$4.84 B,$3.96 B,$3.34 B
Puma,2012,$4.43 B,$4.25 B,$3.34 B
Puma,2011,$4.35 B,$4.14 B,$3.14 B
Puma,2010,$4.94 B,$3.57 B,$2.88 B
Puma,2009,$5.00 B,$3.45 B,$2.65 B
Puma,2023,$10.02 B,$9.35 B,$7.25 B
Puma,2022,$9.05 B,$8.89 B,$6.48 B
Puma,2021,$18.23 B,$7.91 B,$5.76 B
Puma,2020,$16.98 B,$6.09 B,$4.90 B
Puma,2019,$11.45 B,$6.14 B,$3.66 B
Puma,2018,$7.18 B,$5.46 B,$3.42 B
Puma,2017,$6.51 B,$4.75 B,$2.91 B
Puma,2016,$3.93 B,$4.00 B,$2.86 B
Puma,2015,$3.25 B,$3.74 B,$3.10 B
Puma,2014,$3.14 B,$3.87 B,$3.18 B
Puma,2013,$4.84 B,$3.96 B,$3.34 B
Puma,2012,$4.43 B,$4.25 B,$3.34 B
Puma,2011,$4.35 B,$4.14 B,$3.14 B
Puma,2010,$4.94 B,$3.57 B,$2.88 B
Puma,2009,$5.00 B,$3.45 B,$2.65 B
Puma,2023,$10.02 B,$9.35 B,$7.25 B
Puma,2022,$9.05 B,$8.89 B,$6.48 B
Puma,2021,$18.23 B,$7.91 B,$5.76 B
Puma,2020,$16.98 B,$6.09 B,$4.90 B
Puma,2019,$11.45 B,$6.14 B,$3.66 B
Puma,2018,$7.18 B,$5.46 B,$3.42 B
Puma,2017,$6.51 B,$4.75 B,$2.91 B
Puma,2016,$3.93 B,$4.00 B,$2.86 B
Puma,2015,$3.25 B,$3.74 B,$3.10 B
Puma,2014,$3.14 B,$3.87 B,$3.18 B
Puma,2013,$4.84 B,$3.96 B,$3.34 B
Puma,2012,$4.43 B,$4.25 B,$3.34 B
Puma,2011,$4.35 B,$4.14 B,$3.14 B
Puma,2010,$4.94 B,$3.57 B,$2.88 B
Puma,2009,$5.00 B,$3.45 B,$2.65 B
Puma,2023,$10.02 B,$9.35 B,$7.25 B
Puma,2022,$9.05 B,$8.89 B,$6.48 B
Puma,2021,$18.23 B,$7.91 B,$5.76 B
Puma,2020,$16.98 B,$6.09 B,$4.90 B
Puma,2019,$11.45 B,$6.14 B,$3.66 B
Puma,2018,$7.18 B,$5.46 B,$3.42 B
Puma,2017,$6.51 B,$4.75 B,$2.91 B
Puma,2016,$3.93 B,$4.00 B,$2.86 B
Puma,2015,$3.25 B,$3.74 B,$3.10 B
Puma,2014,$3.14 B,$3.87 B,$3.18 B
Puma,2013,$4.84 B,$3.96 B,$3.34 B
Puma,2012,$4.43 B,$4.25 B,$3.34 B
Puma,2011,$4.35 B,$4.14 B,$3.14 B
Puma,2010,$4.94 B,$3.57 B,$2.88 B
Puma,2009,$5.00 B,$3.45 B,$2.65 B
Unilever,2023,$129.12 B,$58.20 B,$83.34 B
Unilever,2022,$127.48 B,$56.06 B,$85.04 B
Unilever,2021,$136.65 B,$60.31 B,$83.21 B
Unilever,2020,$156.63 B,$56.11 B,$72.59 B
Unilever,2019,$149.27 B,$50.40 B,$68.01 B
Unilever,2018,$137.06 B,$46.83 B,$72.37 B
Unilever,2017,$155.51 B,$50.95 B,$59.40 B
Unilever,2016,$115.54 B,$50.58 B,$57.18 B
Unilever,2015,$123.85 B,$49.66 B,$58.41 B
Unilever,2014,$116.80 B,$56.77 B,$62.85 B
Unilever,2013,$116.70 B,$20.09 B,$61.06 B
Unilever,2023,$129.12 B,$58.20 B,$83.34 B
Unilever,2022,$127.48 B,$56.06 B,$85.04 B
Unilever,2021,$136.65 B,$60.31 B,$83.21 B
Unilever,2020,$156.63 B,$56.11 B,$72.59 B
Unilever,2019,$149.27 B,$50.40 B,$68.01 B
Unilever,2018,$137.06 B,$46.83 B,$72.37 B
Unilever,2017,$155.51 B,$50.95 B,$59.40 B
Unilever,2016,$115.54 B,$50.58 B,$57.18 B
Unilever,2015,$123.85 B,$49.66 B,$58.41 B
Unilever,2014,$116.80 B,$56.77 B,$62.85 B
Unilever,2013,$116.70 B,$20.09 B,$61.06 B
Unilever,2023,$129.12 B,$58.20 B,$83.34 B
Unilever,2022,$127.48 B,$56.06 B,$85.04 B
Unilever,2021,$136.65 B,$60.31 B,$83.21 B
Unilever,2020,$156.63 B,$56.11 B,$72.59 B
Unilever,2019,$149.27 B,$50.40 B,$68.01 B
Unilever,2018,$137.06 B,$46.83 B,$72.37 B
Unilever,2017,$155.51 B,$50.95 B,$59.40 B
Unilever,2016,$115.54 B,$50.58 B,$57.18 B
Unilever,2015,$123.85 B,$49.66 B,$58.41 B
Unilever,2014,$116.80 B,$56.77 B,$62.85 B
Unilever,2013,$116.70 B,$20.09 B,$61.06 B
Unilever,2023,$129.12 B,$58.20 B,$83.34 B
Unilever,2022,$127.48 B,$56.06 B,$85.04 B
Unilever,2021,$136.65 B,$60.31 B,$83.21 B
Unilever,2020,$156.63 B,$56.11 B,$72.59 B
Unilever,2019,$149.27 B,$50.40 B,$68.01 B
Unilever,2018,$137.06 B,$46.83 B,$72.37 B
Unilever,2017,$155.51 B,$50.95 B,$59.40 B
Unilever,2016,$115.54 B,$50.58 B,$57.18 B
Unilever,2015,$123.85 B,$49.66 B,$58.41 B
Unilever,2014,$116.80 B,$56.77 B,$62.85 B
Unilever,2013,$116.70 B,$20.09 B,$61.06 B
Unilever,2023,$129.12 B,$58.20 B,$83.34 B
Unilever,2022,$127.48 B,$56.06 B,$85.04 B
Unilever,2021,$136.65 B,$60.31 B,$83.21 B
Unilever,2020,$156.63 B,$56.11 B,$72.59 B
Unilever,2019,$149.27 B,$50.40 B,$68.01 B
Unilever,2018,$137.06 B,$46.83 B,$72.37 B
Unilever,2017,$155.51 B,$50.95 B,$59.40 B
Unilever,2016,$115.54 B,$50.58 B,$57.18 B
Unilever,2015,$123.85 B,$49.66 B,$58.41 B
Unilever,2014,$116.80 B,$56.77 B,$62.85 B
Unilever,2013,$116.70 B,$20.09 B,$61.06 B
Unilever,2023,$129.12 B,$58.20 B,$83.34 B
Unilever,2022,$127.48 B,$56.06 B,$85.04 B
Unilever,2021,$136.65 B,$60.31 B,$83.21 B
Unilever,2020,$156.63 B,$56.11 B,$72.59 B
Unilever,2019,$149.27 B,$50.40 B,$68.01 B
Unilever,2018,$137.06 B,$46.83 B,$72.37 B
Unilever,2017,$155.51 B,$50.95 B,$59.40 B
Unilever,2016,$115.54 B,$50.58 B,$57.18 B
Unilever,2015,$123.85 B,$49.66 B,$58.41 B
Unilever,2014,$116.80 B,$56.77 B,$62.85 B
Unilever,2013,$116.70 B,$20.09 B,$61.06 B
Unilever,2023,$129.12 B,$58.20 B,$83.34 B
Unilever,2022,$127.48 B,$56.06 B,$85.04 B
Unilever,2021,$136.65 B,$60.31 B,$83.21 B
Unilever,2020,$156.63 B,$56.11 B,$72.59 B
Unilever,2019,$149.27 B,$50.40 B,$68.01 B
Unilever,2018,$137.06 B,$46.83 B,$72.37 B
Unilever,2017,$155.51 B,$50.95 B,$59.40 B
Unilever,2016,$115.54 B,$50.58 B,$57.18 B
Unilever,2015,$123.85 B,$49.66 B,$58.41 B
Unilever,2014,$116.80 B,$56.77 B,$62.85 B
Unilever,2013,$116.70 B,$20.09 B,$61.06 B
Adobe,2023,$246.39 B,$18.42 B,$27.16 B
Adobe,2022,$156.45 B,$17.60 B,$27.24 B
Adobe,2021,$269.35 B,$15.78 B,$24.28 B
Adobe,2020,$239.91 B,$12.86 B,$20.76 B
Adobe,2019,$159.08 B,$11.17 B,$18.76 B
Adobe,2018,$110.32 B,$9.03 B,$14.53 B
Adobe,2017,$86.08 B,$7.30 B,$12.70 B
Adobe,2016,$50.88 B,$5.85 B,$11.72 B
Adobe,2015,$46.76 B,$4.79 B,$10.78 B
Adobe,2014,$36.16 B,$4.14 B,$10.38 B
Adobe,2013,$29.71 B,$4.05 B,$9.97 B
Adobe,2012,$18.61 B,$4.40 B,$8.99 B
Adobe,2011,$13.89 B,$4.21 B,$8.14 B
Adobe,2010,$15.44 B,$3.80 B,$7.25 B
Adobe,2009,$19.22 B,$2.94 B,$5.82 B
Adobe,2008,$11.20 B,$3.57 B,$5.71 B
Adobe,2007,$24.31 B,$3.15 B,$5.96 B
Adobe,2006,$24.19 B,$2.57 B,$2.44 B
Adobe,2005,$21.86 B,$1.96 B,$1.95 B
Adobe,2004,$14.97 B,$1.66 B,$1.55 B
Adobe,2003,$9.14 B,$1.29 B,$1.05 B
Adobe,2002,$5.82 B,$1.16 B,$0.93 B
Adobe,2001,$7.32 B,$1.22 B,$132.21 B
Adobe,IBMIBM,$133.41 B,$33.06 B,$9.06 B
Adobe,AutodeskADSK,$46.89 B,$60.52 B,$28.92 B
Adobe,IntuitINTU,$150.24 B,$5.10 B,$93.54 B
Adobe,SalesforceCRM,$206.44 B,$14.07 B,N/A
Adobe,2023,$246.39 B,$18.42 B,$27.16 B
Adobe,2022,$156.45 B,$17.60 B,$27.24 B
Adobe,2021,$269.35 B,$15.78 B,$24.28 B
Adobe,2020,$239.91 B,$12.86 B,$20.76 B
Adobe,2019,$159.08 B,$11.17 B,$18.76 B
Adobe,2018,$110.32 B,$9.03 B,$14.53 B
Adobe,2017,$86.08 B,$7.30 B,$12.70 B
Adobe,2016,$50.88 B,$5.85 B,$11.72 B
Adobe,2015,$46.76 B,$4.79 B,$10.78 B
Adobe,2014,$36.16 B,$4.14 B,$10.38 B
Adobe,2013,$29.71 B,$4.05 B,$9.97 B
Adobe,2012,$18.61 B,$4.40 B,$8.99 B
Adobe,2011,$13.89 B,$4.21 B,$8.14 B
Adobe,2010,$15.44 B,$3.80 B,$7.25 B
Adobe,2009,$19.22 B,$2.94 B,$5.82 B
Adobe,2008,$11.20 B,$3.57 B,$5.71 B
Adobe,2007,$24.31 B,$3.15 B,$5.96 B
Adobe,2006,$24.19 B,$2.57 B,$2.44 B
Adobe,2005,$21.86 B,$1.96 B,$1.95 B
Adobe,2004,$14.97 B,$1.66 B,$1.55 B
Adobe,2003,$9.14 B,$1.29 B,$1.05 B
Adobe,2002,$5.82 B,$1.16 B,$0.93 B
Adobe,2001,$7.32 B,$1.22 B,$132.21 B
Adobe,IBMIBM,$133.41 B,$33.06 B,$9.06 B
Adobe,AutodeskADSK,$46.89 B,$60.52 B,$28.92 B
Adobe,IntuitINTU,$150.24 B,$5.10 B,$93.54 B
Adobe,SalesforceCRM,$206.44 B,$14.07 B,N/A
Adobe,2023,$246.39 B,$18.42 B,$27.16 B
Adobe,2022,$156.45 B,$17.60 B,$27.24 B
Adobe,2021,$269.35 B,$15.78 B,$24.28 B
Adobe,2020,$239.91 B,$12.86 B,$20.76 B
Adobe,2019,$159.08 B,$11.17 B,$18.76 B
Adobe,2018,$110.32 B,$9.03 B,$14.53 B
Adobe,2017,$86.08 B,$7.30 B,$12.70 B
Adobe,2016,$50.88 B,$5.85 B,$11.72 B
Adobe,2015,$46.76 B,$4.79 B,$10.78 B
Adobe,2014,$36.16 B,$4.14 B,$10.38 B
Adobe,2013,$29.71 B,$4.05 B,$9.97 B
Adobe,2012,$18.61 B,$4.40 B,$8.99 B
Adobe,2011,$13.89 B,$4.21 B,$8.14 B
Adobe,2010,$15.44 B,$3.80 B,$7.25 B
Adobe,2009,$19.22 B,$2.94 B,$5.82 B
Adobe,2008,$11.20 B,$3.57 B,$5.71 B
Adobe,2007,$24.31 B,$3.15 B,$5.96 B
Adobe,2006,$24.19 B,$2.57 B,$2.44 B
Adobe,2005,$21.86 B,$1.96 B,$1.95 B
Adobe,2004,$14.97 B,$1.66 B,$1.55 B
Adobe,2003,$9.14 B,$1.29 B,$1.05 B
Adobe,2002,$5.82 B,$1.16 B,$0.93 B
Adobe,2001,$7.32 B,$1.22 B,$132.21 B
Adobe,IBMIBM,$133.41 B,$33.06 B,$9.06 B
Adobe,AutodeskADSK,$46.89 B,$60.52 B,$28.92 B
Adobe,IntuitINTU,$150.24 B,$5.10 B,$93.54 B
Adobe,SalesforceCRM,$206.44 B,$14.07 B,N/A
Adobe,2023,$246.39 B,$18.42 B,$27.16 B
Adobe,2022,$156.45 B,$17.60 B,$27.24 B
Adobe,2021,$269.35 B,$15.78 B,$24.28 B
Adobe,2020,$239.91 B,$12.86 B,$20.76 B
Adobe,2019,$159.08 B,$11.17 B,$18.76 B
Adobe,2018,$110.32 B,$9.03 B,$14.53 B
Adobe,2017,$86.08 B,$7.30 B,$12.70 B
Adobe,2016,$50.88 B,$5.85 B,$11.72 B
Adobe,2015,$46.76 B,$4.79 B,$10.78 B
Adobe,2014,$36.16 B,$4.14 B,$10.38 B
Adobe,2013,$29.71 B,$4.05 B,$9.97 B
Adobe,2012,$18.61 B,$4.40 B,$8.99 B
Adobe,2011,$13.89 B,$4.21 B,$8.14 B
Adobe,2010,$15.44 B,$3.80 B,$7.25 B
Adobe,2009,$19.22 B,$2.94 B,$5.82 B
Adobe,2008,$11.20 B,$3.57 B,$5.71 B
Adobe,2007,$24.31 B,$3.15 B,$5.96 B
Adobe,2006,$24.19 B,$2.57 B,$2.44 B
Adobe,2005,$21.86 B,$1.96 B,$1.95 B
Adobe,2004,$14.97 B,$1.66 B,$1.55 B
Adobe,2003,$9.14 B,$1.29 B,$1.05 B
Adobe,2002,$5.82 B,$1.16 B,$0.93 B
Adobe,2001,$7.32 B,$1.22 B,$132.21 B
Adobe,IBMIBM,$133.41 B,$33.06 B,$9.06 B
Adobe,AutodeskADSK,$46.89 B,$60.52 B,$28.92 B
Adobe,IntuitINTU,$150.24 B,$5.10 B,$93.54 B
Adobe,SalesforceCRM,$206.44 B,$14.07 B,N/A
Adobe,2023,$246.39 B,$18.42 B,$27.16 B
Adobe,2022,$156.45 B,$17.60 B,$27.24 B
Adobe,2021,$269.35 B,$15.78 B,$24.28 B
Adobe,2020,$239.91 B,$12.86 B,$20.76 B
Adobe,2019,$159.08 B,$11.17 B,$18.76 B
Adobe,2018,$110.32 B,$9.03 B,$14.53 B
Adobe,2017,$86.08 B,$7.30 B,$12.70 B
Adobe,2016,$50.88 B,$5.85 B,$11.72 B
Adobe,2015,$46.76 B,$4.79 B,$10.78 B
Adobe,2014,$36.16 B,$4.14 B,$10.38 B
Adobe,2013,$29.71 B,$4.05 B,$9.97 B
Adobe,2012,$18.61 B,$4.40 B,$8.99 B
Adobe,2011,$13.89 B,$4.21 B,$8.14 B
Adobe,2010,$15.44 B,$3.80 B,$7.25 B
Adobe,2009,$19.22 B,$2.94 B,$5.82 B
Adobe,2008,$11.20 B,$3.57 B,$5.71 B
Adobe,2007,$24.31 B,$3.15 B,$5.96 B
Adobe,2006,$24.19 B,$2.57 B,$2.44 B
Adobe,2005,$21.86 B,$1.96 B,$1.95 B
Adobe,2004,$14.97 B,$1.66 B,$1.55 B
Adobe,2003,$9.14 B,$1.29 B,$1.05 B
Adobe,2002,$5.82 B,$1.16 B,$0.93 B
Adobe,2001,$7.32 B,$1.22 B,$132.21 B
Adobe,IBMIBM,$133.41 B,$33.06 B,$9.06 B
Adobe,AutodeskADSK,$46.89 B,$60.52 B,$28.92 B
Adobe,IntuitINTU,$150.24 B,$5.10 B,$93.54 B
Adobe,SalesforceCRM,$206.44 B,$14.07 B,N/A
Adobe,2023,$246.39 B,$18.42 B,$27.16 B
Adobe,2022,$156.45 B,$17.60 B,$27.24 B
Adobe,2021,$269.35 B,$15.78 B,$24.28 B
Adobe,2020,$239.91 B,$12.86 B,$20.76 B
Adobe,2019,$159.08 B,$11.17 B,$18.76 B
Adobe,2018,$110.32 B,$9.03 B,$14.53 B
Adobe,2017,$86.08 B,$7.30 B,$12.70 B
Adobe,2016,$50.88 B,$5.85 B,$11.72 B
Adobe,2015,$46.76 B,$4.79 B,$10.78 B
Adobe,2014,$36.16 B,$4.14 B,$10.38 B
Adobe,2013,$29.71 B,$4.05 B,$9.97 B
Adobe,2012,$18.61 B,$4.40 B,$8.99 B
Adobe,2011,$13.89 B,$4.21 B,$8.14 B
Adobe,2010,$15.44 B,$3.80 B,$7.25 B
Adobe,2009,$19.22 B,$2.94 B,$5.82 B
Adobe,2008,$11.20 B,$3.57 B,$5.71 B
Adobe,2007,$24.31 B,$3.15 B,$5.96 B
Adobe,2006,$24.19 B,$2.57 B,$2.44 B
Adobe,2005,$21.86 B,$1.96 B,$1.95 B
Adobe,2004,$14.97 B,$1.66 B,$1.55 B
Adobe,2003,$9.14 B,$1.29 B,$1.05 B
Adobe,2002,$5.82 B,$1.16 B,$0.93 B
Adobe,2001,$7.32 B,$1.22 B,$132.21 B
Adobe,IBMIBM,$133.41 B,$33.06 B,$9.06 B
Adobe,AutodeskADSK,$46.89 B,$60.52 B,$28.92 B
Adobe,IntuitINTU,$150.24 B,$5.10 B,$93.54 B
Adobe,SalesforceCRM,$206.44 B,$14.07 B,N/A
HP,2023,$30.92 B,$56.20 B,$38.58 B
HP,2022,$26.39 B,$62.98 B,$38.61 B
HP,2021,$40.78 B,$63.48 B,$34.68 B
HP,2020,$31.71 B,$56.63 B,$33.46 B
HP,2019,$29.86 B,$58.75 B,$34.62 B
HP,2018,$31.78 B,$58.47 B,$32.91 B
HP,2017,$34.56 B,$52.05 B,$29.01 B
HP,2016,$25.30 B,$48.23 B,$106.88 B
HP,2015,$20.91 B,$103.35 B,$103.20 B
HP,2014,$73.60 B,$111.45 B,$105.67 B
HP,2013,$53.40 B,$112.29 B,$108.76 B
HP,2012,$27.76 B,$120.35 B,$129.51 B
HP,2011,$51.10 B,$127.24 B,$124.50 B
HP,2010,$92.21 B,$126.03 B,$114.79 B
HP,2009,$121.77 B,$114.55 B,$113.33 B
HP,2008,$87.68 B,$118.36 B,$88.69 B
HP,2007,$129.92 B,$104.28 B,$81.98 B
HP,2006,$112.07 B,$91.65 B,$77.31 B
HP,2005,$81.24 B,$86.69 B,$76.13 B
HP,2004,$61.02 B,$79.90 B,$74.70 B
HP,2003,$69.89 B,$73.06 B,$70.71 B
HP,2002,$52.93 B,$56.58 B,$32.58 B
HP,2001,$39.82 B,$45.22 B,$134.38 B
HP,OracleORCL,$327.47 B,$54.89 B,$132.21 B
HP,IBMIBM,$133.41 B,$49.95 B,$10.56 B
HP,XeroxXRX,$2.51 B,$60.52 B,$3.67 B
HP,SupermicroSMCI,$13.73 B,$7.16 B,$38.48 B
HP,2023,$30.92 B,$56.20 B,$38.58 B
HP,2022,$26.39 B,$62.98 B,$38.61 B
HP,2021,$40.78 B,$63.48 B,$34.68 B
HP,2020,$31.71 B,$56.63 B,$33.46 B
HP,2019,$29.86 B,$58.75 B,$34.62 B
HP,2018,$31.78 B,$58.47 B,$32.91 B
HP,2017,$34.56 B,$52.05 B,$29.01 B
HP,2016,$25.30 B,$48.23 B,$106.88 B
HP,2015,$20.91 B,$103.35 B,$103.20 B
HP,2014,$73.60 B,$111.45 B,$105.67 B
HP,2013,$53.40 B,$112.29 B,$108.76 B
HP,2012,$27.76 B,$120.35 B,$129.51 B
HP,2011,$51.10 B,$127.24 B,$124.50 B
HP,2010,$92.21 B,$126.03 B,$114.79 B
HP,2009,$121.77 B,$114.55 B,$113.33 B
HP,2008,$87.68 B,$118.36 B,$88.69 B
HP,2007,$129.92 B,$104.28 B,$81.98 B
HP,2006,$112.07 B,$91.65 B,$77.31 B
HP,2005,$81.24 B,$86.69 B,$76.13 B
HP,2004,$61.02 B,$79.90 B,$74.70 B
HP,2003,$69.89 B,$73.06 B,$70.71 B
HP,2002,$52.93 B,$56.58 B,$32.58 B
HP,2001,$39.82 B,$45.22 B,$134.38 B
HP,OracleORCL,$327.47 B,$54.89 B,$132.21 B
HP,IBMIBM,$133.41 B,$49.95 B,$10.56 B
HP,XeroxXRX,$2.51 B,$60.52 B,$3.67 B
HP,SupermicroSMCI,$13.73 B,$7.16 B,$38.48 B
HP,2023,$30.92 B,$56.20 B,$38.58 B
HP,2022,$26.39 B,$62.98 B,$38.61 B
HP,2021,$40.78 B,$63.48 B,$34.68 B
HP,2020,$31.71 B,$56.63 B,$33.46 B
HP,2019,$29.86 B,$58.75 B,$34.62 B
HP,2018,$31.78 B,$58.47 B,$32.91 B
HP,2017,$34.56 B,$52.05 B,$29.01 B
HP,2016,$25.30 B,$48.23 B,$106.88 B
HP,2015,$20.91 B,$103.35 B,$103.20 B
HP,2014,$73.60 B,$111.45 B,$105.67 B
HP,2013,$53.40 B,$112.29 B,$108.76 B
HP,2012,$27.76 B,$120.35 B,$129.51 B
HP,2011,$51.10 B,$127.24 B,$124.50 B
HP,2010,$92.21 B,$126.03 B,$114.79 B
HP,2009,$121.77 B,$114.55 B,$113.33 B
HP,2008,$87.68 B,$118.36 B,$88.69 B
HP,2007,$129.92 B,$104.28 B,$81.98 B
HP,2006,$112.07 B,$91.65 B,$77.31 B
HP,2005,$81.24 B,$86.69 B,$76.13 B
HP,2004,$61.02 B,$79.90 B,$74.70 B
HP,2003,$69.89 B,$73.06 B,$70.71 B
HP,2002,$52.93 B,$56.58 B,$32.58 B
HP,2001,$39.82 B,$45.22 B,$134.38 B
HP,OracleORCL,$327.47 B,$54.89 B,$132.21 B
HP,IBMIBM,$133.41 B,$49.95 B,$10.56 B
HP,XeroxXRX,$2.51 B,$60.52 B,$3.67 B
HP,SupermicroSMCI,$13.73 B,$7.16 B,$38.48 B
HP,2023,$30.92 B,$56.20 B,$38.58 B
HP,2022,$26.39 B,$62.98 B,$38.61 B
HP,2021,$40.78 B,$63.48 B,$34.68 B
HP,2020,$31.71 B,$56.63 B,$33.46 B
HP,2019,$29.86 B,$58.75 B,$34.62 B
HP,2018,$31.78 B,$58.47 B,$32.91 B
HP,2017,$34.56 B,$52.05 B,$29.01 B
HP,2016,$25.30 B,$48.23 B,$106.88 B
HP,2015,$20.91 B,$103.35 B,$103.20 B
HP,2014,$73.60 B,$111.45 B,$105.67 B
HP,2013,$53.40 B,$112.29 B,$108.76 B
HP,2012,$27.76 B,$120.35 B,$129.51 B
HP,2011,$51.10 B,$127.24 B,$124.50 B
HP,2010,$92.21 B,$126.03 B,$114.79 B
HP,2009,$121.77 B,$114.55 B,$113.33 B
HP,2008,$87.68 B,$118.36 B,$88.69 B
HP,2007,$129.92 B,$104.28 B,$81.98 B
HP,2006,$112.07 B,$91.65 B,$77.31 B
HP,2005,$81.24 B,$86.69 B,$76.13 B
HP,2004,$61.02 B,$79.90 B,$74.70 B
HP,2003,$69.89 B,$73.06 B,$70.71 B
HP,2002,$52.93 B,$56.58 B,$32.58 B
HP,2001,$39.82 B,$45.22 B,$134.38 B
HP,OracleORCL,$327.47 B,$54.89 B,$132.21 B
HP,IBMIBM,$133.41 B,$49.95 B,$10.56 B
HP,XeroxXRX,$2.51 B,$60.52 B,$3.67 B
HP,SupermicroSMCI,$13.73 B,$7.16 B,$38.48 B
HP,2023,$30.92 B,$56.20 B,$38.58 B
HP,2022,$26.39 B,$62.98 B,$38.61 B
HP,2021,$40.78 B,$63.48 B,$34.68 B
HP,2020,$31.71 B,$56.63 B,$33.46 B
HP,2019,$29.86 B,$58.75 B,$34.62 B
HP,2018,$31.78 B,$58.47 B,$32.91 B
HP,2017,$34.56 B,$52.05 B,$29.01 B
HP,2016,$25.30 B,$48.23 B,$106.88 B
HP,2015,$20.91 B,$103.35 B,$103.20 B
HP,2014,$73.60 B,$111.45 B,$105.67 B
HP,2013,$53.40 B,$112.29 B,$108.76 B
HP,2012,$27.76 B,$120.35 B,$129.51 B
HP,2011,$51.10 B,$127.24 B,$124.50 B
HP,2010,$92.21 B,$126.03 B,$114.79 B
HP,2009,$121.77 B,$114.55 B,$113.33 B
HP,2008,$87.68 B,$118.36 B,$88.69 B
HP,2007,$129.92 B,$104.28 B,$81.98 B
HP,2006,$112.07 B,$91.65 B,$77.31 B
HP,2005,$81.24 B,$86.69 B,$76.13 B
HP,2004,$61.02 B,$79.90 B,$74.70 B
HP,2003,$69.89 B,$73.06 B,$70.71 B
HP,2002,$52.93 B,$56.58 B,$32.58 B
HP,2001,$39.82 B,$45.22 B,$134.38 B
HP,OracleORCL,$327.47 B,$54.89 B,$132.21 B
HP,IBMIBM,$133.41 B,$49.95 B,$10.56 B
HP,XeroxXRX,$2.51 B,$60.52 B,$3.67 B
HP,SupermicroSMCI,$13.73 B,$7.16 B,$38.48 B
HP,2023,$30.92 B,$56.20 B,$38.58 B
HP,2022,$26.39 B,$62.98 B,$38.61 B
HP,2021,$40.78 B,$63.48 B,$34.68 B
HP,2020,$31.71 B,$56.63 B,$33.46 B
HP,2019,$29.86 B,$58.75 B,$34.62 B
HP,2018,$31.78 B,$58.47 B,$32.91 B
HP,2017,$34.56 B,$52.05 B,$29.01 B
HP,2016,$25.30 B,$48.23 B,$106.88 B
HP,2015,$20.91 B,$103.35 B,$103.20 B
HP,2014,$73.60 B,$111.45 B,$105.67 B
HP,2013,$53.40 B,$112.29 B,$108.76 B
HP,2012,$27.76 B,$120.35 B,$129.51 B
HP,2011,$51.10 B,$127.24 B,$124.50 B
HP,2010,$92.21 B,$126.03 B,$114.79 B
HP,2009,$121.77 B,$114.55 B,$113.33 B
HP,2008,$87.68 B,$118.36 B,$88.69 B
HP,2007,$129.92 B,$104.28 B,$81.98 B
HP,2006,$112.07 B,$91.65 B,$77.31 B
HP,2005,$81.24 B,$86.69 B,$76.13 B
HP,2004,$61.02 B,$79.90 B,$74.70 B
HP,2003,$69.89 B,$73.06 B,$70.71 B
HP,2002,$52.93 B,$56.58 B,$32.58 B
HP,2001,$39.82 B,$45.22 B,$134.38 B
HP,OracleORCL,$327.47 B,$54.89 B,$132.21 B
HP,IBMIBM,$133.41 B,$49.95 B,$10.56 B
HP,XeroxXRX,$2.51 B,$60.52 B,$3.67 B
HP,SupermicroSMCI,$13.73 B,$7.16 B,$38.48 B
HP,2023,$30.92 B,$56.20 B,$38.58 B
HP,2022,$26.39 B,$62.98 B,$38.61 B
HP,2021,$40.78 B,$63.48 B,$34.68 B
HP,2020,$31.71 B,$56.63 B,$33.46 B
HP,2019,$29.86 B,$58.75 B,$34.62 B
HP,2018,$31.78 B,$58.47 B,$32.91 B
HP,2017,$34.56 B,$52.05 B,$29.01 B
HP,2016,$25.30 B,$48.23 B,$106.88 B
HP,2015,$20.91 B,$103.35 B,$103.20 B
HP,2014,$73.60 B,$111.45 B,$105.67 B
HP,2013,$53.40 B,$112.29 B,$108.76 B
HP,2012,$27.76 B,$120.35 B,$129.51 B
HP,2011,$51.10 B,$127.24 B,$124.50 B
HP,2010,$92.21 B,$126.03 B,$114.79 B
HP,2009,$121.77 B,$114.55 B,$113.33 B
HP,2008,$87.68 B,$118.36 B,$88.69 B
HP,2007,$129.92 B,$104.28 B,$81.98 B
HP,2006,$112.07 B,$91.65 B,$77.31 B
HP,2005,$81.24 B,$86.69 B,$76.13 B
HP,2004,$61.02 B,$79.90 B,$74.70 B
HP,2003,$69.89 B,$73.06 B,$70.71 B
HP,2002,$52.93 B,$56.58 B,$32.58 B
HP,2001,$39.82 B,$45.22 B,$134.38 B
HP,OracleORCL,$327.47 B,$54.89 B,$132.21 B
HP,IBMIBM,$133.41 B,$49.95 B,$10.56 B
HP,XeroxXRX,$2.51 B,$60.52 B,$3.67 B
HP,SupermicroSMCI,$13.73 B,$7.16 B,$38.48 B
